:020000040800F2
:1000000000000220C9470008010800080308000892
:10001000050800080708000809080008000000009B
:10002000000000000000000000000000513F000838
:100030000B08000800000000F13F0008E33A000848
:10004000194800081948000819480008194800080C
:1000500019480008194800081948000819480008FC
:1000600019480008194800081948000819480008EC
:100070000D080008194800081D0800081948000864
:1000800019480008194800081948000819480008CC
:1000900019480008194800081948000819480008BC
:1000A000194800082D0800081948000819480008D8
:1000B000194800081948000819480008194800089C
:1000C000194800081948000819480008194800088C
:1000D0001948000819480008194800083D08000898
:1000E000194800081948000819480008194800086C
:1000F000194800081948000819480008194800085C
:10010000194800081948000819480008194800084B
:10011000194800081948000819480008194800083B
:10012000194800081948000819480008194800082B
:1001300019480008000000000000000019480008ED
:10014000194800081948000819480008194800080B
:1001500019480008194800081948000819480008FB
:1001600019480008194800081948000819480008EB
:100170001948000819480008194800080000000044
:100180000000000019480008000000000000000006
:10019000194800080000000000000000194800088D
:1001A00000000000000000000000000019480008E6
:1001B000194800081948000819480008194800089B
:0401C00019480008D2
:1001D00001F0FF01102A2BDB10F0070F08D010F8F8
:1001E000013B013A8B422DD010F0070F42B3F6D1FC
:1001F000F0B441EA012141EA014122F007047FF015
:1002000000070023F0E80256083C85EA010586EA6B
:10021000010685FA47F5A3FA87F586FA47F6A5FAA7
:1002200087F68EB9EED1F0BC01F0FF0102F00702B3
:1002300032B110F8013B013A83EA010313B1F8D15E
:100240000020704701387047002D06BF354603383F
:10025000073815F0010F07D1013015F4807F02BF78
:10026000013015F4C03F0130F0BC0138704700BFC9
:100270007BB972B90029BEBF00204FF0004106E0F3
:1002800008BF00281CBF6FF000414FF0FF3000F0A6
:1002900057B8ADF1080C6DE904CE002909DB002B3D
:1002A0001ADB0DF00DFFDDF804E0DDE9022304B0F8
:1002B0007047404261EB4101002B1BDB0DF000FF5A
:1002C000DDF804E0DDE9022304B0404261EB4101C6
:1002D000524263EB43037047524263EB43030DF01A
:1002E000EFFEDDF804E0DDE9022304B0404261EBFB
:1002F00041017047524263EB43030DF0E1FEDDF82C
:1003000004E0DDE9022304B0524263EB430370478B
:1003100053B94AB9002908BF00281CBF4FF0FF316C
:100320004FF0FF3000F00CB8ADF1080C6DE904CED1
:100330000DF0C6FEDDF804E0DDE9022304B07047ED
:10034000704700BF10F8012B11F8013B012A28BFAC
:100350009A42F7D0D01A7047034613F8012B002AAF
:10036000FBD1181A013870470348044B834202D06E
:10037000034B03B118477047100100201001002003
:10038000000000000548064B1B1AD90F01EBA30122
:10039000491002D0034B03B11847704710010020E9
:1003A000100100200000000010B5064C237843B96E
:1003B000FFF7DAFF044B13B10448AFF300800123C9
:1003C000237010BD100100200000000098EB000811
:1003D00008B5054B1BB105490548AFF30080BDE8E2
:1003E0000840FFF7CFBF00BF00000000140100204D
:1003F00098EB000808B50268034B9A4200D008BD8C
:1004000001F0DAFBFBE700BF0000014072B6FEE737
:1004100010B594B007AC34220021204604F0D4FA81
:100420000023029303930493059306930093234AB6
:10043000116C41F080511164126C02F080520092F4
:10044000009A01931E4B1A6842F440421A601B68DE
:1004500003F440430193019B012307934FF480333E
:10046000089302230D934FF480020E920F220F92F5
:10047000D8221092119312931393204600F06AFD34
:10048000A8B901F0D9FAA0B90F230293032303936B
:10049000002304934FF4A05305934FF48053069325
:1004A000052102A800F0CEFB28B914B010BDFFF75B
:1004B000ADFFFFF7ABFFFFF7A9FF00BF0038024019
:1004C0000070004008B501F05DFBFFF7A1FF00F0F0
:1004D0000BF800F0B7F800F0D7F803F00FFB00F0CE
:1004E000A1F803F01DFBFEE784B000220192104B3F
:1004F000196B41F080011963196B01F080010191C2
:1005000001990292196B41F004011963196B01F012
:1005100004010291029903921A6B42F002021A63DB
:100520001B6B03F002030393039B04B0704700BFEF
:100530000038024030B5A5B02C4B01932C4B0093F2
:100540002C4B2D4A2D49012005F01EFB1FAC2046E7
:1005500005F09AFA2A4B1F932A4B20932A4B21939A
:100560002A4B2293204605F09DFA38B302AC204670
:1005700005F0B6FA0DF12C0EA446BCE80F00AEE86B
:100580000F00DCF80030CEF8003010AD0BAB0022CD
:100590001146284605F0B6F909AC2B461C4A1D4900
:1005A000204605F0F9F905F075FF02461A4B214681
:1005B0001EA805F02DFA00231D930EE0A021174878
:1005C00004F0F0F9D2E7C121154804F0EBF91D9BC6
:1005D00001331D930A2003F019FB00221DA91EA858
:1005E00005F06CF90028EED1F1E700BF5147000893
:1005F0001747000809470008F14600082C31002081
:1006000089450008A9450008C945000809460008B1
:1006100008EF0008E4EB0008F0EB0008BCEB000872
:1006200004EC000808B5044A0021044803F094FAD9
:10063000034B186008BD00BF48F1000835050008ED
:100640006830002010B582B0002401940D4B1A6B65
:1006500042F400121A631B6B03F400130193019B15
:10066000224605210C2001F079FA0C2001F086FACF
:10067000224605210E2001F071FA0E2001F07EFACB
:1006800002B010BD0038024008B50A480A4B0360AA
:100690004FF4E133436000238360C36003610C22A5
:1006A00042618361C36101F08FFB00B908BDFFF7B0
:1006B000ADFEFBE72C310020004800402DE9F0475B
:1006C00088B000230393049305930693079302686D
:1006D000444B9A4202D008B0BDE8F087044600259A
:1006E000009503F5F8331A6C42F480221A641A6CF0
:1006F00002F480220092009A01951A6B42F00402E3
:100700001A631A6B02F004020192019A02951A6BA5
:1007100042F002021A631B6B03F002030293029B76
:10072000202303934FF0020ACDF810A04FF00309E5
:10073000CDF818904FF00708CDF81C8003AF39466C
:10074000294800F029FE4FF480660396CDF810A0EA
:100750000595CDF81890CDF81C803946234800F057
:100760001BFE2348234B03604FF00063436085600A
:10077000C5600661456185614FF48073C3614FF4C4
:1007800040330362456200F073FF28BB184BE363FC
:100790009C631948194B03604FF00063436040238A
:1007A00083600023C3604FF4806202614361836110
:1007B000C3614FF440320262436200F059FF70B9E6
:1007C0000D4BA3639C6300220521272001F0C6F98D
:1007D000272001F0D3F97EE7FFF718FED6E7FFF7F1
:1007E00015FEEDE70048004000080240000402400A
:1007F000CC300020286002406C300020586002405D
:10080000FEE7FEE7FEE7FEE7FEE7704708B50248B1
:1008100001F024F808BD00BFCC30002008B5024824
:1008200001F01CF808BD00BF6C30002008B502487C
:1008300000F0C2F808BD00BF7431002008B50248BE
:1008400001F05CFC08BD00BF2C31002000B583B076
:10085000002200920D4B596C41F480415964596C4F
:1008600001F48041009100990192196C41F080518E
:1008700019641B6C03F080530193019B0F216FF0EF
:10088000010001F06BF903B05DF804FB0038024091
:1008900030B589B00546002401941E4B5A6C42F0D5
:1008A00001025A645B6C03F001030193019B02A9EE
:1008B00003A800F09DFA00F08BFA4300164AA2FB51
:1008C00003239B0C013B1548154A026040F2E732B6
:1008D000C260436004618460846100F085F904466D
:1008E00010B1204609B030BD0C4800F01FF8044696
:1008F0000028F6D1192001F041F90F2D01D901246A
:10090000EFE700222946192001F028F9054B1D6068
:10091000E7E700BF0038024083DE1B43743100204C
:1009200000000140040000207047000090F83D30B6
:10093000012B37D1022380F83D300268D36843F0A1
:100940000103D3600368194A934220D0B3F1804F6A
:100950001DD0A2F57C42934219D002F580629342E9
:1009600015D002F58062934211D002F5784293428D
:100970000DD002F57052934209D0A2F59432934201
:1009800005D01A6842F001021A60002070479A6888
:1009900002F00702062A07D01A6842F001021A6024
:1009A0000020704701207047002070470000014080
:1009B000704770477047704770B504460368DE683B
:1009C0001D6915F0020F10D016F0020F0DD06FF058
:1009D00002021A610123037703689B6913F0030F76
:1009E0005ED0FFF7E6FF0023237715F0040F12D047
:1009F00016F0040F0FD023686FF004021A6102236F
:100A0000237723689B6913F4407F4FD02046FFF77C
:100A1000D0FF0023237715F0080F12D016F0080F2F
:100A20000FD023686FF008021A610423237723682C
:100A3000DB6913F0030F40D02046FFF7BAFF002315
:100A4000237715F0100F12D016F0100F0FD0236877
:100A50006FF010021A61082323772368DB6913F40F
:100A6000407F31D02046FFF7A4FF0023237715F005
:100A7000010F02D016F0010F2DD115F0800F02D01A
:100A800016F0800F2FD115F0400F02D016F0400F56
:100A900031D115F0200F02D016F0200F33D170BDE8
:100AA000FFF786FF2046FFF785FF9CE72046FFF70C
:100AB0007FFF2046FFF77EFFABE72046FFF778FF7A
:100AC0002046FFF777FFBAE72046FFF771FF204681
:100AD000FFF770FFC9E723686FF001021A61204633
:100AE000FFF788FCC9E723686FF080021A6120468F
:100AF00000F0A7F8C7E723686FF040021A612046AC
:100B0000FFF759FFC5E723686FF020021A612046FE
:100B100000F096F8C3E700000368324A904212D012
:100B2000B0F1804F0FD0A2F57C4290420BD002F57D
:100B30008062904207D002F58062904203D002F5B5
:100B40007842904203D123F070034A681343254A48
:100B500090422AD0B0F1804F27D0A2F57C4290423B
:100B600023D002F5806290421FD002F5806290424D
:100B70001BD002F57842904217D002F57052904295
:100B800013D002F5806290420FD002F5806290424D
:100B90000BD0A2F59832904207D002F580629042C5
:100BA00003D002F58062904203D123F44073CA68F7
:100BB000134323F080034A6913438A68C2620A68B8
:100BC0008262084A904203D002F58062904201D1CD
:100BD0000A690263026842F0040202600122426173
:100BE000036070470000014040B310B5044690F820
:100BF0003D30F3B1022384F83D30214651F8040B17
:100C0000FFF78AFF012384F8463084F83E3084F8E9
:100C10003F3084F8403084F8413084F8423084F822
:100C2000433084F8443084F8453084F83D30002067
:100C300010BD80F83C30FFF777FEDBE701207047FE
:100C400070477047002800F09B8070B50D46044641
:100C50004F4B1B6803F00F038B4208D2CBB24C4AB8
:100C60001370136803F00F038B4240F08B802368EE
:100C700013F0020F17D013F0040F04D0454A936805
:100C800043F4E0539360236813F0080F04D0414A03
:100C9000936843F4604393603E4A936823F0F00303
:100CA000A1680B439360236813F0010F32D063688F
:100CB000012B21D09A1E012A25D9364A126812F03A
:100CC000020F61D033498A6822F0030213438B601C
:100CD00000F07EFF06462F4B9B6803F00C03626812
:100CE000B3EB820F16D000F073FF801B41F2883304
:100CF0009842F0D9032042E0264A126812F4003FDD
:100D0000E0D101203BE0234A126812F0007FD9D1E4
:100D1000012034E01E4B1B6803F00F03AB4207D9E0
:100D2000EAB21B4B1A701B6803F00F03AB422DD1C4
:100D3000236813F0040F06D0164A936823F4E05397
:100D4000E1680B439360236813F0080F07D0114A42
:100D5000936823F46043216943EAC103936000F080
:100D600065F80C4B9B68C3F303130B4AD35CD84064
:100D70000A4B18600A4B1868FFF78AFD002070BD07
:100D8000012070470120FAE70120F8E70120F6E78B
:100D9000003C0240003802407CF1000808000020BE
:100DA00004000020014B1868704700BF08000020B5
:100DB00008B5FFF7F7FF044B9B68C3F38223034A90
:100DC000D35CD84008BD00BF0038024074F1000871
:100DD00008B5FFF7E7FF044B9B68C3F34233034AB0
:100DE000D35CD84008BD00BF0038024074F1000851
:100DF0000F2303600B4B9A6802F0030242609A686B
:100E000002F0F00282609A6802F4E052C2609B68CD
:100E1000DB0803F4E0530361034B1B6803F00F038B
:100E20000B60704700380240003C024008B5464B5A
:100E30009B6803F00C03082B05D00C2B43D0042B2C
:100E40007FD1424819E0404B5A6802F03F025B688C
:100E500013F4800F12D03C4B5968C1F388113B4802
:100E60000023A1FB0001FFF753FA374B5B68C3F384
:100E7000014301335B00B0FBF3F008BD324B58680F
:100E8000C0F388104FEA401CBCEB000C6EEB0E0E5A
:100E90004FEA8E1343EA9C634FEA8C11B1EB0C01CD
:100EA00063EB0E03DB0043EA5173C90011EB000C46
:100EB00043F10003990200234FEA8C2041EA9C5140
:100EC000FFF726FAD1E7204B5A6802F03F025B6831
:100ED00013F4800F10D01C4B5968C1F388111B48C4
:100EE0000023A1FB0001FFF713FA174B5B68C3F364
:100EF0000273B0FBF3F0C0E7134B5868C0F38810DF
:100F00004FEA401CBCEB000C6EEB0E0E4FEA8E134A
:100F100043EA9C634FEA8C11B1EB0C0163EB0E03C7
:100F2000DB0043EA5173C90011EB000C43F10003ED
:100F3000990200234FEA8C2041EA9C51FFF7E8F91F
:100F4000D3E7034899E700BF0038024040787D01AD
:100F50000024F400002800F0018270B582B004463D
:100F6000036813F0010F41D0994B9B6803F00C0309
:100F7000042B32D0964B9B6803F00C03082B27D030
:100F8000934B9B6803F00C030C2B59D06368B3F5AB
:100F9000803F5BD0B3F5A02F5ED08D4B1A6822F452
:100FA00080321A601A6822F480221A606368002B6B
:100FB0005CD000F00DFE0546854B1B6813F4003F26
:100FC00014D100F005FE401B6428F5D90320CCE1C4
:100FD0007F4B5B6813F4800FD2D07D4B1B6813F4FA
:100FE000003F03D06368002B00F0BA81236813F040
:100FF000020F60D0764B9B6813F00C0F4AD0744BF5
:101000009B6803F00C03082B3FD0714B9B6803F0E7
:101010000C030C2B69D0E368002B75D06D4B0122BB
:101020001A6000F0D5FD0546694B1B6813F0020FEE
:1010300061D100F0CDFD401B0228F5D9032094E1D9
:10104000634B5B6813F4800FA0D0C6E7604A136857
:1010500043F480331360A9E75D4B1A6842F48022A1
:101060001A601A6842F480321A609FE700F0B0FDFF
:101070000546574B1B6813F4003FB7D000F0A8FD9E
:10108000401B6428F5D903206FE1514B5B6813F4D2
:10109000800FBAD14E4B1B6813F0020F03D0E368E8
:1010A000012B40F05F814A4A136823F0F80321695D
:1010B00043EAC1031360236813F0080F49D0636942
:1010C000002B33D0434B0122C3F8802E00F080FD6B
:1010D00005463F4B5B6F13F0020F3AD100F078FDED
:1010E000401B0228F5D903203FE1394B5B6813F41C
:1010F000800F90D1CEE7364A136823F0F8032169B8
:1011000043EAC1031360D6E7324B00221A6000F0B5
:101110005FFD05462E4B1B6813F0020FCBD000F08D
:1011200057FD401B0228F5D903201EE1294B002260
:10113000C3F8802E00F04CFD0546254B5B6F13F085
:10114000020F06D000F044FD401B0228F5D9032011
:101150000BE1236813F0040F76D01D4B1B6C13F0CA
:10116000805F33D100230193194B1A6C42F08052F7
:101170001A641B6C03F080530193019B0125164BED
:101180001B6813F4807F29D0A368012B3AD0052B6C
:101190003ED00F4B1A6F22F001021A671A6F22F02D
:1011A00004021A67A368002B3CD000F011FD06462C
:1011B000074B1B6F13F0020F45D100F009FD801B98
:1011C00041F288339842F3D90320CEE00025D6E7D8
:1011D0000038024000004742007000406B4A13682C
:1011E00043F48073136000F0F3FC0646674B1B6802
:1011F00013F4807FC8D100F0EBFC801B0228F5D9E6
:101200000320B2E0624A136F43F001031367C9E79A
:101210005F4B1A6F42F004021A671A6F42F0010224
:101220001A67BFE700F0D4FC0646594B1B6F13F05A
:10123000020F08D000F0CCFC801B41F288339842AA
:10124000F3D9032091E0EDB9A369002B00F08C8065
:101250004F4A926802F00C02082A54D0022B17D091
:101260004C4B00221A6600F0B3FC0446484B1B6846
:1012700013F0007F45D000F0ABFC001B0228F5D92D
:10128000032072E0424A136C23F080531364DBE7BF
:10129000404B00221A6600F09BFC05463C4B1B6845
:1012A00013F0007F06D000F093FC401B0228F5D914
:1012B00003205AE0E369226A1343626A43EA821315
:1012C000A26A5208013A43EA0243E26A43EA02632D
:1012D000226B43EA02732E4A53602E4B01221A6698
:1012E00000F076FC04462A4B1B6813F0007F06D101
:1012F00000F06EFC001B0228F5D9032035E0002029
:1013000033E0002031E0012B31D0214B5B6803F446
:101310008001E26991422CD103F03F02216A8A42A6
:1013200029D1616A47F6C0721A40B2EB811F24D1FD
:1013300003F44031A26A5208013AB1EB024F1ED1C8
:1013400003F07062E16AB2EB016F1AD103F0E0437F
:10135000226BB3EB027F16D1002006E0012070471C
:10136000012002E0012000E0002002B070BD012059
:10137000FBE70120F9E70120F7E70120F5E701206D
:10138000F3E70120F1E70120EFE700BF0070004024
:10139000003802400000474200230F2B00F2E38098
:1013A00070B582B065E085684FEA430E032404FA05
:1013B0000EF425EA0405CC6804FA0EF42C4384608C
:1013C000446824EA02044A68C2F300129A402243A5
:1013D00042605CE0DC08083450F8242003F0070584
:1013E000AD004FF00F0E0EFA05FE22EA0E0E0A694E
:1013F000AA4042EA0E0240F824205CE0062200E007
:10140000002202FA0EF22A430234574D45F82420F6
:10141000564A94686FEA0C0224EA0C054E6816F4EA
:10142000801F01D04CEA0405504CA560E46802EA34
:1014300004054E6816F4001F01D04CEA04054B4C1D
:10144000E560646802EA04054E6816F4003F01D0C6
:101450004CEA0405454C6560246822404D6815F44B
:10146000803F01D04CEA0402404C226001330F2B34
:1014700077D801229A400C6804EA020C32EA04048C
:10148000F4D14C6804F00304013C012C8BD94A6868
:1014900002F00302032A09D0C4685D000322AA40B7
:1014A00024EA02048A68AA402243C2604A6802F021
:1014B0000302022A8ED004684FEA430E032202FA86
:1014C0000EF224EA02044A6802F0030202FA0EF263
:1014D000224302604A6812F4403FC7D000220192C2
:1014E000234A546C44F480445464526C02F48042A5
:1014F0000192019A9C08A51C1B4A52F8255003F042
:10150000030E4FEA8E0E0F2202FA0EF225EA0205B2
:10151000184A90423FF474AF02F58062904216D0B0
:1015200002F58062904214D002F58062904212D09F
:1015300002F58062904210D002F5806290420ED097
:1015400002F5806290423FF459AF072259E7012229
:1015500057E7022255E7032253E7042251E7052209
:101560004FE702B070BD704700380140003C0140B9
:10157000003802400000024030B405682C6824F4B2
:1015800080242C60046863608368402B05D0036866
:1015900099600368DA6030BC704703689A6003683A
:1015A000D960F8E710B40368D9B210390A4AA2FB2F
:1015B00001421209094CA25CC2655F2907D96FF389
:1015C000090304338365806D5DF8044B70476FF346
:1015D00009038365F7E700BFABAAAAAA6CF100086C
:1015E000836A826992B9012B0AD0022B02D00BB117
:1015F00000207047C36A13F0807F28D10020704715
:10160000C36AB3F1C07F24D000207047B2F5005FF9
:1016100009D0022B25D9032B25D1C36A13F0807F73
:1016200023D100207047032B03D8DFE803F0140414
:10163000140A00207047C36A13F0807F0DD1002088
:101640007047C36AB3F1C07F09D000207047012002
:10165000704701207047012070470120704701202A
:10166000704701207047002070470120704700003C
:1016700070B5044600F0ACFA002C5BD0054602239E
:1016800084F83530002384F834302268136823F05E
:101690000103136023681A6812F0010F0AD000F0EA
:1016A00097FA431B052BF5D920236365032084F8A3
:1016B000350070BD1A68204911406268A068024375
:1016C000E06802432069024360690243A069024363
:1016D000E0690243206A02430A43616A04291ED07A
:1016E0001A602668756925F00705636A1D43042B97
:1016F00007D1A36A1D43E36A1BB12046FFF770FFC1
:1017000090B975612046FFF74DFFE26D3F2393408E
:10171000836000206065012384F83530C9E7E16A01
:10172000206B01430A43DBE740236365012084F813
:101730003500BEE70120BCE73F8010F038B5044615
:10174000856D90F8340001282AD0012084F83400F7
:1017500094F83500012804D0002384F834300220A6
:1017600038BD022084F83500002060652046FFF770
:1017700003FFE26D3F239340AB602268136843F0A0
:1017800016031360236C23B12268136843F0080327
:1017900013602268136843F0010313600020DFE741
:1017A0000220DDE770B50446866D00F011FA94F86A
:1017B0003530022B06D080236365002384F8343053
:1017C000012070BD05462268136823F016031360DC
:1017D0002268536923F080035361236CE3B12268CC
:1017E000136823F0080313602268136823F00103D1
:1017F000136023681B6813F0010F11D000F0E8F9A3
:10180000431B052BF5D920236365032084F835009D
:10181000002384F83430D4E7A36C002BDFD1E3E756
:10182000E26D3F239340B360012384F835300020FC
:1018300084F83400C5E790F83530022B03D08023BC
:10184000436501207047052380F83530026813682E
:1018500023F001031360002070470000F0B583B04F
:10186000044600230193724B1D68724BA3FB0535A0
:10187000AD0A876D3E68C26D08239340334210D095
:1018800003681A6812F0040F0BD01A6822F00402E1
:101890001A60C26D08239340BB60436D43F001039F
:1018A0004365E26D01239340334209D022685269B7
:1018B00012F0800F04D0BB60636D43F002036365D8
:1018C000E26D04239340334209D02268126812F07B
:1018D000020F04D0BB60636D43F004036365E26DE7
:1018E00010239340334224D02268126812F0080F6C
:1018F0001FD0BB6023681A6812F4802F0DD01B68BC
:1019000013F4002F04D1236C9BB12046984710E0BC
:10191000A36C73B1204698470BE01A6812F4807FDD
:1019200003D11A6822F008021A60236C0BB120461A
:101930009847E26D20239340334254D022681268C6
:1019400012F0100F4FD0BB6094F83530052B0ED03D
:1019500023681A6812F4802F33D01B6813F4002F09
:101960002AD1636C002B3ED0204698473BE022688A
:10197000136823F0160313602268536923F0800371
:101980005361236CA3B12268136823F0080313602A
:10199000E26D3F239340BB60012384F83530002380
:1019A00084F83430236D002B3FD0204698473CE02C
:1019B000A36C002BE7D1EBE7E36BA3B1204698477C
:1019C00011E01A6812F4807F09D11A6822F010021F
:1019D0001A60012384F83530002384F83430E36B37
:1019E0000BB120469847636DFBB1636D13F0010F97
:1019F00017D0052384F835302268136823F00103DB
:101A00001360019B01330193AB4204D823681B6828
:101A100013F0010FF5D1012384F83530002384F849
:101A20003430E36C0BB12046984703B0F0BD00BFE3
:101A300008000020B5814E1B10B582B00023019331
:101A4000194B1A6C42F080521A641B6C03F08053DD
:101A50000193019B154B01221A6400F0B9F804466A
:101A6000134B5B6813F4803F08D100F0B1F8001B02
:101A7000B0F57A7FF4D9032002B010BD0B4B0122E0
:101A80005A6400F0A5F80446094B5B6813F4003F64
:101A900007D100F09DF8001BB0F57A7FF4D9032040
:101AA000EAE70020E8E700BF0038024000000E42ED
:101AB00000700040002807DB00F01F0240090123EE
:101AC0009340024A42F82030704700BF00E100E036
:101AD000002808DB0901C9B200F1604000F561404F
:101AE00080F80013704700F00F000901C9B2014BE4
:101AF0001954704714ED00E000B500F00700C0F184
:101B0000070CBCF1040F28BF4FF0040C031D062B7B
:101B10000FD9C31E4FF0FF3E0EFA0CF021EA000170
:101B200099400EFA03FE22EA0E0241EA02005DF835
:101B300004FB0023EEE70000074AD36823F4E063C8
:101B40001B041B0C000200F4E060034343F0BF637E
:101B500043F40033D360704700ED00E010B5044655
:101B6000054BD868C0F30220FFF7C6FF01462046A8
:101B7000FFF7AEFF10BD00BF00ED00E008B5FFF7B6
:101B800099FF08BD08B50B4B1A6842F400721A6041
:101B90001A6842F480621A601A6842F480721A600D
:101BA0000320FFF7C9FF0F20FEF772FEFEF74EFE7F
:101BB000002008BD003C0240034A1168034B1B781B
:101BC0000B441360704700BFBC31002000000020B0
:101BD000014B1868704700BFBC310020026802F159
:101BE0000C0353E8003F23F0C0030C3242E80031FD
:101BF0000029F3D1202380F841307047026802F1B8
:101C00000C0353E8003F23F490730C3242E8003198
:101C10000029F3D1026802F1140353E8003F23F0D6
:101C20000103143242E800310029F3D1036B012B88
:101C300005D0202380F842300023036370470268F8
:101C400002F10C0353E8003F23F010030C3242E88A
:101C500000310029F3D1ECE790F84130212B01D07D
:101C6000022070478368B3F5805F17D0036A5A1C5F
:101C700002621A7803685A60C38C9BB2013B9BB224
:101C8000C3844BB90268D36823F08003D360026831
:101C9000D36843F04003D360002070470369002BF2
:101CA000E4D1036A1B880268C3F308035360036A24
:101CB00002330362E0E7000010B5044602681369CE
:101CC00023F44053C1680B431361836802691A43CC
:101CD00043691A43C3691A430168CB6823F4164366
:101CE00023F00C031343CB600268536923F4407361
:101CF00081690B4353610368314A934206D002F570
:101D00008062934202D0FFF753F801E0FFF760F8DA
:101D1000E369B3F5004F29D00021031849411B188E
:101D200041F10001C90041EA5371DB0018186368F2
:101D30004FEA83024FEA937341F10001FEF7E8FA9C
:101D4000204AA2FB00314909642303FB11031B0154
:101D50003233A2FB03235B0903F0F00202EB011212
:101D600003F00F03216813448B6010BD0023021899
:101D700043EB0301121841F10001C90041EA52711D
:101D8000D200101841F10001626892185B41FEF721
:101D9000BFFA0C4AA2FB00314909642303FB11037B
:101DA000DB003233A2FB03235B095A0002F4F87212
:101DB00002EB011203F00703216813448B60D4E7A0
:101DC000001001401F85EB5160B310B5044690F838
:101DD000413013B3242384F841302268D36823F4BC
:101DE0000053D3602046FFF767FF2268136923F48E
:101DF000904313612268536923F02A0353612268D8
:101E0000D36843F40053D36000206064202384F837
:101E1000413084F84230606310BD80F84030FEF7F6
:101E20004DFCD7E70120704738B5134690F84120A4
:101E3000202A36D10446002935D00BB9012031E0E3
:101E400001628384C38400224264212084F841001B
:101E5000A06B164DC563A06B154D0564A06B154DA9
:101E6000C564A06B026522680432A06BFFF766FCB4
:101E700030B110236364202384F84130012011E045
:101E800023686FF040021A60226802F1140353E8DD
:101E9000003F43F08003143242E800310029F3D1BF
:101EA00000E0022038BD0120FCE700BF3B1F000816
:101EB000A31F0008B31F000810B5044603685B6940
:101EC00090F84120212A09D023685B6903F0400380
:101ED00094F84220222A19D0002010BD03F080037C
:101EE000002BF1D0226802F1140353E8003F23F0E5
:101EF0008003143242E800310029F3D1A06B08B10D
:101F0000FFF750FC2046FFF769FEDDE7002BE3D02A
:101F1000226802F1140353E8003F23F04003143217
:101F200042E800310029F3D1E06B08B1FFF73AFC39
:101F30002046FFF763FECFE7704708B50346806B86
:101F40001B681B6813F4807F1AD10023C3840268C6
:101F500002F1140353E8003F23F08003143242E8F7
:101F600000310029F3D1026802F10C0353E8003F6D
:101F700043F040030C3242E800310029F3D108BDA0
:101F8000FFF7DAFFFBE708B50168CA6822F04002F4
:101F9000CA60202280F84120FFF7CEFF002008BD54
:101FA000704708B5806BFFF7FBFF08BD70477047AF
:101FB000704710B5846B23685B6994F84120212A2F
:101FC0000FD023685B6903F0400394F84220222A73
:101FD00011D0636C43F0100363642046FFF7E8FF01
:101FE00010BD03F08003002BEBD00023E3842046D8
:101FF000FFF7F4FDE5E7002BEBD00023E385204657
:10200000FFF7FCFDE5E708B5806B0023C385FFF70C
:10201000CFFF08BD704790F84230222B69D183680A
:10202000B3F5805F4FD0826AB3F5805F04D0002B98
:1020300056D10369002B53D103685B681370836A20
:1020400001338362C38D9BB2013B9BB2C385002BDE
:1020500051D100B583B00268D36823F02003D36068
:102060000268D36823F48073D3600268536923F055
:1020700001035361202380F8423000234363036B44
:10208000012B33D100230363026802F10C0353E8F0
:10209000003F23F010030C3242E800310029F3D155
:1020A00003681A6812F0100F06D0002201921A6815
:1020B00001925B680193019B818DFFF7ABFF0020CC
:1020C00003B05DF804FB0269002AACD1826A0368A0
:1020D0005B68C3F308031380836A02338362B1E74A
:1020E00003685B6803F07F031370A8E7FFF75EFFE8
:1020F000E5E70220704700207047000010B582B06D
:10210000044602681368D068516913F00F0F09D1B3
:1021100013F0200F0CD010F0200F09D02046FFF74D
:102120007AFF16E011F0010115D110F4907F12D161
:10213000216B012979D013F0800F03D010F0800FAC
:1021400040F0218113F0400F03D010F0400F40F019
:102150001E8102B010BD13F0010F06D010F4807F75
:1021600003D0626C42F00102626413F0040F04D0E9
:1021700019B1626C42F00202626413F0020F04D0E3
:1021800019B1626C42F00402626413F0080F07D0C8
:1021900010F0200F00D119B1626C42F008026264A5
:1021A000626C002AD5D013F0200F02D010F0200F5F
:1021B00029D123685B6903F04003626C12F0080FB9
:1021C00000D163B32046FFF719FD23685B6913F064
:1021D000400F20D0226802F1140353E8003F23F09F
:1021E0004003143242E800310029F3D1E36B73B1AC
:1021F000694A1A65E06BFFF71EFB0028A9D0E06B67
:10220000036D9847A5E72046FFF705FFD1E7204675
:10221000FFF7CEFE9DE72046FFF7CAFE99E720466E
:10222000FFF7C6FE0023636493E713F0100F82D01C
:1022300010F0100F3FF47FAF002301931368019358
:1022400053680193019B536913F0400F5FD0E26B19
:1022500013685B689BB2002B4AD0A18D994247D985
:10226000E385D369B3F5807F37D0226802F10C0390
:1022700053E8003F23F480730C3242E80031002918
:10228000F3D1226802F1140353E8003F23F0010365
:10229000143242E800310029F3D1226802F114031C
:1022A00053E8003F23F04003143242E80031002994
:1022B000F3D1202384F8423000232363226802F103
:1022C0000C0353E8003F23F010030C3242E80031C6
:1022D0000029F3D1E06BFFF765FA02236363A18D58
:1022E000E38D9BB2C91A89B22046FFF793FE30E70F
:1022F000A18D99427FF42DAFD369B3F5807F7FF430
:1023000028AF022363632046FFF784FE21E7A18DF7
:10231000E38D9BB2C91A89B2E38D9BB2002B3FF4C7
:1023200018AF00293FF415AF226802F10C0353E8FF
:10233000003F23F490730C3242E800300028F3D1C0
:10234000226802F1140353E8003F23F00103143222
:1023500042E800300028F3D1202384F842300023E3
:102360002363226802F10C0353E8003F23F01003BB
:102370000C3242E800300028F3D102236363204688
:10238000FFF748FEE5E62046FFF766FCE1E620465B
:10239000FFF7F9FDDDE600BF0720000808B5806BF8
:1023A00001234363036B012B02D0FFF700FE08BD3E
:1023B000818D4908FFF72EFEF9E708B50346806BCB
:1023C0001B681B6813F4807F2BD10023C385026830
:1023D00002F10C0353E8003F23F480730C3242E80F
:1023E00000310029F3D1026802F1140353E8003FE1
:1023F00023F00103143242E800310029F3D10268CE
:1024000002F1140353E8003F23F04003143242E882
:1024100000310029F3D1202380F84230036B012BD7
:1024200007D000234363036B012B0FD0FFF7BEFDE2
:1024300008BD026802F10C0353E8003F23F01003CB
:102440000C3242E800310029F3D1EAE7818DFFF731
:10245000E1FDEDE730B583B0044613468162828525
:1024600000224264222084F84200E06B244DC563C0
:10247000E06B244D0564E06B234DC564E06B0265A1
:1024800020680A46011DE06BFFF758F900282FD19C
:102490000023019323681A6801925B680193019BF2
:1024A00023695BB1226802F10C0353E8003F43F457
:1024B00080730C3242E800310029F3D1226802F126
:1024C000140353E8003F43F00103143242E80031A3
:1024D0000029F3D1226802F1140353E8003F43F0CE
:1024E0004003143242E800310029F3D103B030BD7B
:1024F00010236364202384F842300120F6E700BFF4
:10250000BB2300089D230008B31F000808B590F8FE
:102510004230202B08D149B10AB9012008BD00235F
:102520000363FFF797FFF9E70220F7E70120F5E7DC
:10253000034AD2F8883043F47003C2F888307047F9
:1025400000ED00E000F1080343604FF0FF328260CD
:10255000C360036100230360704700230361704779
:1025600043684B609A688A605160996008610368AB
:1025700001330360704730B40D68B5F1FF3F11D0EF
:1025800000F108031C465B681A68AA42FAD963681E
:102590004B6099608C60616008610368013303607F
:1025A00030BC70470469F2E70369416882688A6059
:1025B000416851605A68824206D0002202611A685E
:1025C000013A1A601868704782685A60F5E710B5DA
:1025D000044601F0CFFCA26BE36B9A4204D00024C6
:1025E00001F0EAFC204610BD0124F9E710B50446CD
:1025F00001F0C0FCA36B23B9012401F0DDFC2046EF
:1026000010BD0024F9E770B504461546866B026CD0
:102610005AB903681BB100200136A66370BD8068FB
:1026200000F0EEFF0023A360F6E76DB9406802F00A
:1026300000FA6368226C13446360A268934219D362
:10264000236863602846E7E7C06802F0F2F9E368B0
:10265000226C51429B1AE3602268934202D2A36823
:102660000B44E360022D01D00020D5E726B1013EE6
:102670000020D1E72846CFE70020CDE70346026CD3
:102680006AB110B50846D9681144D9609C68A14266
:1026900001D31968D960D96802F0CBF910BD704731
:1026A00038B5054601F066FC95F8454064B201E096
:1026B000013C64B2002C0ADD6B6A43B105F12400D1
:1026C00000F0D6FE0028F3D000F084FFF0E7FF23EF
:1026D00085F8453001F070FC01F04CFC95F8444061
:1026E00064B201E0013C64B2002C0ADD2B6943B105
:1026F00005F1100000F0BCFE0028F3D000F06AFFE6
:10270000F0E7FF2385F8443001F056FC38BD38B5BA
:10271000E0B10D46044601F02DFC2368E26B216C0C
:1027200001FB0230A0600020A0636360013A02FB5D
:102730000133E360FF2384F8443084F84530FDB969
:10274000236963B901F038FC012038BD4FF0500314
:1027500083F31188BFF36F8FBFF34F8FFEE704F150
:10276000100000F085FE0028ECD04FF0E0234FF081
:102770008052C3F8042DBFF34F8FBFF36F8FE1E793
:1027800004F11000FFF7DEFE04F12400FFF7DAFE8B
:10279000D8E738B51D46049C0B4649B92460E06370
:1027A000236401212046FFF7B2FF84F84C5038BD66
:1027B0002260F4E740B94FF0500383F31188BFF370
:1027C0006F8FBFF34F8FFEE710B584B01C46844671
:1027D00053B192B189B94FF0500383F31188BFF31D
:1027E0006F8FBFF34F8FFEE74FF0500383F31188D5
:1027F000BFF36F8FBFF34F8FFEE76AB15023039390
:10280000039B502B13D04FF0500383F31188BFF379
:102810006F8FBFF34F8FFEE70029EFD04FF05003CB
:1028200083F31188BFF36F8FBFF34F8FFEE7039BD6
:10283000012384F8463000949DF818306046FFF775
:10284000A8FF204604B010BDF0B585B0019288B154
:102850000F461D460446B1B1022D20D1E36B012B7A
:102860001DD04FF0500383F31188BFF36F8FBFF378
:102870004F8FFEE74FF0500383F31188BFF36F8F44
:10288000BFF34F8FFEE7036C002BE5D04FF05003F2
:1028900083F31188BFF36F8FBFF34F8FFEE700F014
:1028A0009FFE064658B9019B002B48D04FF05003BD
:1028B00083F31188BFF36F8FBFF34F8FFEE70026BE
:1028C0003DE02A4639462046FFF79DFE636A7BB904
:1028D00048B14FF0E0234FF08052C3F8042DBFF30E
:1028E0004F8FBFF36F8F01F067FB012005B0F0BD84
:1028F00004F1240000F0BCFD0028F4D04FF0E023E8
:102900004FF08052C3F8042DBFF34F8FBFF36F8F8A
:10291000E9E701F051FB0020E8E702A800F00AFE19
:10292000012619E0002384F8443021E0002384F8D4
:10293000453023E02046FFF7B3FE00F077FC01F0BE
:1029400019FBA26BE36B9A42BBD3022DB9D0019B5A
:10295000002BDED0002EE0D001F02EFB00F0CCFBEF
:1029600001F008FB94F8442052B2B2F1FF3FD9D0F5
:1029700094F8452052B2B2F1FF3FD7D001F01CFBD2
:1029800001A902A800F0E2FDD8B92046FFF71FFE1A
:102990000028CFD0019904F1100000F035FD204649
:1029A000FFF77EFE00F042FC0028C8D14FF0E02384
:1029B0004FF08052C3F8042DBFF34F8FBFF36F8FDA
:1029C000BDE72046FFF76CFE00F030FC00208DE7ED
:1029D0002DE9F84390B10F4616461C460546B1B1A5
:1029E000022C20D1EB6B012B1DD04FF0500383F351
:1029F0001188BFF36F8FBFF34F8FFEE74FF0500387
:102A000083F31188BFF36F8FBFF34F8FFEE7036C23
:102A1000002BE5D04FF0500383F31188BFF36F8F85
:102A2000BFF34F8FFEE701F0CBFBEFF311884FF0C0
:102A3000500383F31188BFF36F8FBFF34F8FAA6BDF
:102A4000EB6B9A4206D3022C04D0002088F3118845
:102A5000BDE8F88395F845904FFA89F9AB6B2246AB
:102A600039462846FFF7CFFDB9F1FF3F06D009F1FF
:102A700001035BB285F845300120E7E76B6A0BB9CB
:102A80000120E3E705F1240000F0F2FC18B126B1C3
:102A900001203060DAE70120D8E70120D6E7F0B561
:102AA00085B0019290B10F460446C1B100F098FD87
:102AB000064600BB019B002B5ED04FF0500383F312
:102AC0001188BFF36F8FBFF34F8FFEE74FF05003B6
:102AD00083F31188BFF36F8FBFF34F8FFEE7036C53
:102AE000002BE3D04FF0500383F31188BFF36F8FB7
:102AF000BFF34F8FFEE700263EE039462046FFF742
:102B0000BDFD013DA563236923B901F055FA0120FC
:102B100005B0F0BD04F1100000F0AAFC0028F4D0CC
:102B20004FF0E0234FF08052C3F8042DBFF34F8FD6
:102B3000BFF36F8FE9E701F03FFA0020E8E702A852
:102B400000F0F8FC012621E0002384F8443029E05D
:102B5000002384F845302BE02046FFF7A1FD00F06C
:102B600065FB09E02046FFF79BFD00F05FFB204678
:102B7000FFF73CFD00283FD101F0FCF9A56B002DCB
:102B8000BBD1019B002BD6D0002ED8D001F014FA77
:102B900000F0B2FA01F0EEF994F844305BB2B3F110
:102BA000FF3FD1D094F845305BB2B3F1FF3FCFD0B7
:102BB00001F002FA01A902A800F0C8FC0028D1D156
:102BC0002046FFF713FD0028C6D0019904F1240028
:102BD00000F01AFC2046FFF763FD00F027FB0028F9
:102BE000CAD14FF0E0234FF08052C3F8042DBFF359
:102BF0004F8FBFF36F8FBFE7002089E70023072BBC
:102C00000CD8074A52F833200AB10133F7E7044AD7
:102C100042F8331002EBC30250607047704700BFA8
:102C2000C031002070B504460D46164601F0A2F9E9
:102C300094F844305BB2B3F1FF3F0DD094F84530C7
:102C40005BB2B3F1FF3F0BD001F0B6F9A36B5BB100
:102C50002046FFF725FD70BD002384F84430EDE7E2
:102C6000002384F84530EFE73246294604F124007A
:102C700000F0E2FBECE70000084B1B681B6823B97F
:102C8000074B4FF0FF321A607047044B1B68DB683C
:102C9000DB685A68024B1A60704700BF7032002030
:102CA000083200202DE9F04780460D461746994628
:102CB000089EDDF824A00A9C9200A521206B01F05B
:102CC00083FE236B07F18042013A03EB820727F072
:102CD0000707A5B34FF0000CBCF10F0F09D815F88A
:102CE0000C3004EB0C0282F8343013B10CF1010CFF
:102CF000F2E7002384F84330372E00D93726E66206
:102D0000E66400252565201DFFF727FC04F1180067
:102D1000FFF723FC2461C6F13806A661646265658D
:102D200084F858504A464146384601F0F7F820608A
:102D3000BAF1000F01D0CAF80040BDE8F0870023C7
:102D400084F83430D8E7000038B5002407E004EBFD
:102D5000840293000E481844FFF7F4FB0134372C2B
:102D6000F5D90C4D2846FFF7EDFB0B4C2046FFF73D
:102D7000E9FB0A48FFF7E6FB0948FFF7E3FB0948D0
:102D8000FFF7E0FB084B1D60084B1C6038BD00BF1F
:102D90009C320020883200207432002058320020FB
:102DA000443200202C320020703200206C3200208F
:102DB00010B5044601F0DEF8224A136801331360AF
:102DC000214B1B685BB1214B1B686BB91E4B1B6809
:102DD000DA6AE36A9A4207D81B4B1C6004E01A4B7C
:102DE0001C601368012B29D0194A13680133136042
:102DF0006364E06A174B1B68984201D9154B186051
:102E000000EB8000211D144B03EB8000FFF7A8FBB3
:102E100001F0D2F80D4B1B687BB10B4B1B68DA6AD3
:102E2000E36A9A4209D24FF0E0234FF08052C3F890
:102E3000042DBFF34F8FBFF36F8F10BDFFF784FFDB
:102E4000D2E700BF28320020FC3600201C320020D0
:102E50000C320020203200209C32002010B50446A5
:102E600090F8593063B1012B11D0022B0ED04FF0E6
:102E7000500383F31188BFF36F8FBFF34F8FFEE7CB
:102E8000006B00F0CFFF204600F0CCFF10BD00F03B
:102E9000C9FFFBE70F4B1B68D3B110B501F06AF80F
:102EA0000D4BDB68DC68201DFFF77EFB0B4A1368C7
:102EB000013B1360074A1368013B136001F07CF883
:102EC0002046FFF7CBFF034B1B68002BE6D110BD5C
:102ED000704700BF403200204432002028320020DA
:102EE00008B5FFF7D7FF074B1B68012BF9D94FF047
:102EF000E0234FF08052C3F8042DBFF34F8FBFF390
:102F00006F8FEEE79C32002070B504460D46174BDC
:102F10001E68174B18680430FFF746FBB4F1FF3FFB
:102F20000DD03444124B1B685C60A64210D9114B83
:102F300018680F4B19680431FFF71DFB70BD002D99
:102F4000EFD00B4B196804310B48FFF709FBF5E78D
:102F50000A4B1868064B19680431FFF70CFB084B45
:102F60001B68A342EAD9064B1C60E7E72432002025
:102F7000FC3600206C3200202C3200207032002001
:102F80000832002030B587B00B9C7CB10C9DB5B1E8
:102F90005C250495049D5C2D1AD04FF0500383F3FB
:102FA0001188BFF36F8FBFF34F8FFEE74FF05003D1
:102FB00083F31188BFF36F8FBFF34F8FFEE74FF09E
:102FC000500383F31188BFF36F8FBFF34F8FFEE77A
:102FD000049D0C9D2C63022485F859400024039421
:102FE000029505AC01940A9C0094FFF75BFE0C98D7
:102FF000FFF7DEFE059807B030BD2DE9F04385B040
:103000000746884614461E46900000F089FE08B325
:1030100081465C2000F084FE0546A8B1C0F83090DF
:10302000002380F85930039302900D9B01930C9B71
:1030300000933346224641463846FFF733FE284682
:10304000FFF7B6FE012007E0484600F0EBFE4FF028
:10305000FF3001E04FF0FF3005B0BDE8F083000025
:1030600010B588B000240594069407AA06A905A8FF
:1030700000F0DAFD059B0293069B01930094234622
:10308000079A17491748FFF77DFF174B1860C0B123
:1030900000F06AFB012815D14FF0500383F311882B
:1030A000BFF36F8FBFF34F8F104B4FF0FF321A609B
:1030B0000F4B01221A600F4B00221A6000F0F4FF40
:1030C00003E00020B0F1FF3F01D008B010BD4FF089
:1030D000500383F31188BFF36F8FBFF34F8FFEE769
:1030E0002CEC0008E12E00080432002008320020F9
:1030F0001C32002024320020024A1368013313607E
:10310000704700BF00320020014B1868704700BFB5
:1031100024320020F8B53A4B1B68002B69D1394B9B
:103120001D6801351D60C5B9374B1B681B6843B16D
:103130004FF0500383F31188BFF36F8FBFF34F8FAE
:10314000FEE7314A1168314B186810601960304A47
:10315000136801331360FFF78FFD2E4B1B68AB42E2
:103160003DD900272C4B1B68DB6A03EB83039A00D5
:103170002A4B9B58012B00D90127294B1B68002B98
:103180003CD001273AE001271F4B1B681B6843B363
:103190001D4B1B68DB68DC6863689D4226D3261DD7
:1031A0003046FFF701FAA36A1BB104F11800FFF7DC
:1031B000FBF9E36A1B4A1268934201D9194A13606A
:1031C00003EB83039A00314614481044FFF7C8F913
:1031D000E26A114B1B68DB6A9A42D4D2D4E700271B
:1031E000D2E70C4B4FF0FF321A60BBE7094A13607D
:1031F000B8E70D4A13680133136000273846F8BD5D
:103200000032002024320020703200206C32002076
:103210001032002008320020FC3600209C320020B2
:1032200014320020203200201832002038B5354BEF
:103230001B6843B94FF0500383F31188BFF36F8FBE
:10324000BFF34F8FFEE700F095FE2E4B1A68013A50
:103250001A601B68002B4FD12B4B1B680BB9002445
:103260004BE00024294B1B681BB3284BDB68DC6850
:1032700004F11800FFF798F9251D2846FFF794F987
:10328000E06A234B1B68984201D9214B186000EB80
:10329000800029461F4B03EB8000FFF761F9E26ACB
:1032A0001D4B1B68DB6A9A42DCD31C4B01221A605F
:1032B000D8E70CB1FFF7E0FC194B1C6884B9174B39
:1032C0001C68D4B14FF0E0234FF08052C3F8042DB6
:1032D000BFF34F8FBFF36F8F01240EE0013C07D087
:1032E000FFF718FF0028F9D00C4B01221A60F5E710
:1032F0000B4B00221A60E2E7002400F05DFE20463E
:1033000038BD00BF00320020283200205832002093
:10331000203200209C320020FC3600201432002095
:103320001832002010B5A8B10446104B1B6843B1F9
:103330004FF0500383F31188BFF36F8FBFF34F8FAC
:10334000FEE7FFF7D9FE00212046FFF7DDFDFFF77E
:103350006DFF48B94FF0E0234FF08052C3F8042DC1
:10336000BFF34F8FBFF36F8F10BD00BF003200203F
:10337000204B1B681BB1204B01221A6070471E4B6B
:1033800000221A601D4B1B6803EB83018A001C4955
:103390008A585AB90BB1013BF6E74FF0500383F35B
:1033A0001188BFF36F8FBFF34F8FFEE7084603EB23
:1033B00083018A00024451684968516003EB830C21
:1033C0004FEA8C020832024491420BD003EB830295
:1033D00091000B4A0A445268D1680A4A1160074AB0
:1033E00013607047486862469100054A0A4450607D
:1033F000ECE700BF00320020143200202032002011
:103400009C320020FC36002058B110B50C46094A09
:1034100011681831FFF7AFF801212046FFF774FD5E
:1034200010BD4FF0500383F31188BFF36F8FBFF3CC
:103430004F8FFEE7FC36002038B570B10D461446BC
:103440000A4A11681831FFF78BF80CB14FF0FF35BD
:1034500021462846FFF758FD38BD4FF0500383F34F
:103460001188BFF36F8FBFF34F8FFEE7FC3600204C
:1034700038B5C368DC6824B304F118052846FFF7A3
:1034800093F8184B1B682BBB251D2846FFF78CF8BB
:10349000E06A154B1B68984201D9134B186000EB8A
:1034A00080002946114B03EB8000FFF759F8E26AD0
:1034B0000F4B1B68DB6A9A4211D901200D4B186033
:1034C00038BD4FF0500383F31188BFF36F8FBFF304
:1034D0004F8FFEE729460848FFF742F8E7E700204C
:1034E000EEE700BF00320020203200209C32002096
:1034F000FC360020143200205832002060B110B594
:10350000044600F037FD094B1B682360084B1B681D
:10351000636000F051FD10BD4FF0500383F311883C
:10352000BFF36F8FBFF34F8FFEE700BF1032002055
:1035300024320020034B1B680360034B1B6843606D
:10354000704700BF1032002024320020E0B170B577
:103550000C46054609B300F00DFD1C4B19686B685D
:10356000C81A2268B2F1FF3F28D0DFF864C0DCF847
:1035700000C02E68664501D08B4224D9824215D8FE
:103580000023236001241AE04FF0500383F31188D5
:10359000BFF36F8FBFF34F8FFEE74FF0500383F3FE
:1035A0001188BFF36F8FBFF34F8FFEE75B1A134491
:1035B00023602846FFF7BEFF002400E0002400F04F
:1035C000FBFC204670BD0124F9E700BF2432002037
:1035D00010320020014B01221A6070471432002083
:1035E000054B1B6833B1054B1B680BB100207047BE
:1035F00002207047012070471C320020003200205A
:1036000000283BD038B504461E4B1B68834208D0C7
:103610004FF0500383F31188BFF36F8FBFF34F8FC9
:10362000FEE7036D43B94FF0500383F31188BFF3F6
:103630006F8FBFF34F8FFEE7013B0365C16AC26C1A
:1036400091421DD00BB1002038BD051D2846FEF764
:10365000ABFFE06CE062C0F13803A3610A4B1B686A
:10366000984201D9084B186000EB80002946074BAF
:1036700003EB8000FEF774FF0120E5E700207047B0
:103680000020E1E7FC360020203200209C320020A0
:10369000064B1A6813682BB90123036023B9D3685A
:1036A000186870470023F8E70020704700380020B2
:1036B00008B54160006191420CD8D21A83699A42E0
:1036C00001D3012008BD011D094B1868FEF753FF07
:1036D0000020F7E79A4201D2994206D2011D054B1C
:1036E0001868FEF748FF0020ECE70120EAE700BF7A
:1036F000FC3700200038002030B583B000F03AFCE1
:10370000114B1B681BB100F057FC03B030BD0F4DCF
:103710002846FEF717FF0E4C2046FEF713FF0D4B11
:103720001D600D4B1C60002300930C4B0C4A1021B4
:103730000A20FFF73FF8044B18600028E3D009493E
:10374000FFF75CFADFE700BFF837002018380020E9
:103750000438002000380020FC370020003700200B
:103760005037002034EC000810B588B0FFF7C4FFD4
:10377000124B1B68CBB100240594069407AA06A936
:1037800005A800F05DFA059B0293069B01930223B6
:1037900000932346079A0A490A48FFF7F3FB0A4BAE
:1037A000186010B1012008B010BD4FF0500383F332
:1037B0001188BFF36F8FBFF34F8FFEE7F8370020FC
:1037C0003CEC0008CD3A0008F4370020B8B19C4624
:1037D00003461848006858B300B585B000910192BF
:1037E000029305291CDCFFF7FBFE022810D0002302
:1037F0001A4669460F480068FFF726F815E04FF0B3
:10380000500383F31188BFF36F8FBFF34F8FFEE731
:103810000023069A694607480068FFF715F804E098
:10382000002362466946FFF7D3F805B05DF804FB54
:1038300000207047F837002070B582B01B4B1B6822
:103840001A6862B3DB681E68DC68251D2846FEF72F
:10385000ABFE236A2046984794F8283013F0040FF3
:10386000ECD0A36933449E4207D2636024612946A9
:103870000E4B1868FEF77FFEE0E7002100910B4633
:1038800032462046FFF7A2FF0028D7D14FF0500361
:1038900083F31188BFF36F8FBFF34F8FFEE7044AA6
:1038A000106802490860136002B070BD0038002043
:1038B000FC37002038B50546FFF726FC0446074BC9
:1038C0001B68834205D800232B60044B1C602046F4
:1038D00038BDFFF7B1FF01232B60F6E7F03700207A
:1038E00070B582B006460D4617490968C968CC68AC
:1038F000201DFEF759FE94F828C01CF0040F08D1D3
:103900002CF0010C84F828C0236A2046984702B0A6
:1039100070BDA16933462A4631442046FFF7C8FEF0
:103920000028F1D0002100910B4632462046FFF7D7
:103930004DFF0028E8D14FF0500383F31188BFF307
:103940006F8FBFF34F8FFEE70038002070B582B055
:1039500006460C46FFF7D0FB01A8FFF7ABFF019B23
:1039600033BB0546E4B9B04213D22246711B124B59
:103970001868FFF757F9FFF759FCD8B94FF0E02363
:103980004FF08052C3F8042DBFF34F8FBFF36F8FFA
:1039900010E0FFF74BFC29463046FFF7A1FF09E096
:1039A000064A126812680AB90124DEE71C46DCE701
:1039B000FFF73CFC02B070BDF8370020FC37002058
:1039C00010B588B002E0049B002B0FDA002204A996
:1039D0003D4B1868FFF763F8002872D0049B002B5A
:1039E000F1DA07990698059B9847ECE7069C63690E
:1039F00013B1201DFEF7D8FD03A8FFF75BFF0246B9
:103A0000049B092BE2D8DFE803F00505052F364EAD
:103A100005052F3694F8283043F0010384F8283048
:103A2000059BA16919442046FFF742FE0028CDD02E
:103A3000236A2046984794F8283013F0040FC5D025
:103A4000A269002100910B46059802442046FFF729
:103A5000BDFE0028BAD14FF0500383F31188BFF3A5
:103A60006F8FBFF34F8FFEE794F8283023F00103E8
:103A700084F82830AAE794F8283043F0010384F84A
:103A800028300599A16129B1034601442046FFF77A
:103A90000FFE9BE74FF0500383F31188BFF36F8F46
:103AA000BFF34F8FFEE794F8283013F0020F04D0D5
:103AB00023F0010384F8283088E7204600F0B2F9AB
:103AC00084E708B010BD00BFF837002000B583B010
:103AD00001A8FFF7DDFD0199FFF738FFFFF770FF41
:103AE000F6E708B54FF0E0231B69FFF779FD0128E1
:103AF00000D108BD00F0AEFAFBE70000EFF305834C
:103B00002BB9064B186828B901221A6070476FF06C
:103B1000050070474FF0FF30704700BFE43E0020C3
:103B2000EFF3058373B90A4B1B68012B0DD110B558
:103B30000024084BDC77064B02221A60FFF790FA4C
:103B4000204610BD6FF0050070474FF0FF30704702
:103B5000E43E002000ED00E0F0B587B000240594BD
:103B6000EFF3058404BBF8B1002A34D015689369DB
:103B70002BB11E46013B372B02D9002015E0182639
:103B8000536813F0010F3FD1546984B14FEA940C8C
:103B900093682BB1D7685B2F02D9176907B184B935
:103BA00043B14FF0FF330BB3059807B0F0BD4FF0B2
:103BB000800CEDE7D368A3B91369ABB14FF0FF33C5
:103BC000F1E70293019700960B4662462946FFF7FC
:103BD000D9F90590E8E71546002318264FF0800C28
:103BE000E1E74FF0FF33DEE70023DCE705AB0193AD
:103BF00000960B461FFA8CF22946FFF7FEF90128C2
:103C0000D2D000230593CFE70020CEE708B5EFF32D
:103C1000058333B908B9002008BDFFF783FB0020F6
:103C2000FAE76FF00500F7E7034B0360034B0B6007
:103C300080231360704700BF883E0020883C00202E
:103C4000034B0360034B0B604FF4807313607047AA
:103C50002C3C00202C380020124A12F0070F1ED0F6
:103C6000D11D21F00701C1F5705313440A460E48D7
:103C70000260002141601344083B23F007030B4816
:103C8000036059601960991A51601360084B1960FC
:103C9000084B1960084B4FF000421A6070474FF410
:103CA0007053E4E7083F0020003F0020FC3E002066
:103CB000F43E0020F83E0020E83E0020164B1A4655
:103CC0001B688342FBD3516802EB010C844509D089
:103CD000416800EB010C634509D00360904219D0A4
:103CE000106070474068014451601046F0E710B41E
:103CF0000A4C2468A3420BD05B68194441601368E6
:103D00001B680360904200D010605DF8044B704760
:103D10000460F7E7704700BF003F0020FC3E002032
:103D200038B50446FFF7E8F9384B1B68B3B1384B98
:103D30001B681C4250D1002C50D004F1080214F032
:103D4000070F02D022F007020832002A55D0314B6B
:103D50001B68934253D330490C6804E0FFF77CFFA3
:103D6000E5E721461C466368934202D22368002B94
:103D7000F7D1264B1B68A34243D00D680835236852
:103D80000B6063689B1A102B10D9A01810F0070F56
:103D900008D04FF0500383F31188BFF36F8FBFF348
:103DA0004F8FFEE743606260FFF788FF6268194942
:103DB0000B689B1A0B60194909688B4201D217499D
:103DC0000B60134B1B681343636000232360144A8A
:103DD00013680133136002E0002500E00025FFF7BF
:103DE00025FA15F0070F0ED04FF0500383F311881A
:103DF000BFF36F8FBFF34F8FFEE70025EFE700257E
:103E0000EDE70025EBE7284638BD00BFFC3E00206B
:103E1000E83E0020F83E0020003F0020F43E002055
:103E2000F03E0020002834D038B50446A0F1080543
:103E300050F8043C174A1268134208D14FF050035F
:103E400083F31188BFF36F8FBFF34F8FFEE750F8F6
:103E5000081C41B14FF0500383F31188BFF36F8FFB
:103E6000BFF34F8FFEE723EA020340F8043CFFF75D
:103E700043F954F8041C084A13680B44136028469D
:103E8000FFF71CFF054A136801331360FFF7CEF9F3
:103E900038BD7047E83E0020F83E0020EC3E002090
:103EA00082B0002301930D4B1B68B3F1FF3F08D094
:103EB0004FF0500383F31188BFF36F8FBFF34F8F21
:103EC000FEE74FF0500383F31188BFF36F8FBFF30A
:103ED0004F8F019B002BFCD002B070470C000020DC
:103EE00008480068006880F308884FF0000080F3FD
:103EF000148862B661B6BFF34F8FBFF36F8F00DFD8
:103F000000BF000008ED00E0DFF80C00016841F49C
:103F1000700101607047000088ED00E04FF0807391
:103F200040F8043C21F0010140F8081C054B40F822
:103F30000C3C40F8202C6FF0020340F8243C44383D
:103F4000704700BFA13E0008000000000000000014
:103F5000074B19680868B0E8F04F80F30988BFF391
:103F60006F8F4FF0000080F311887047AFF300802F
:103F7000FC3600204FF0500383F31188BFF36F8F9E
:103F8000BFF34F8F0B4A136801331360012B00D02E
:103F900070474FF0E023D3F8043D13F0FF0FF7D044
:103FA0004FF0500383F31188BFF36F8FBFF34F8F30
:103FB000FEE700BF0C000020094B1B6843B94FF01F
:103FC000500383F31188BFF36F8FBFF34F8FFEE76A
:103FD000013B034A13600BB983F31188704700BF9C
:103FE0000C000020000000000000000000000000A5
:103FF000EFF30980BFF36F8F154B1A681EF0100F97
:1040000008BF20ED108A20E9F04F106009B44FF08E
:10401000500080F31188BFF34F8FBFF36F8FFFF70E
:10402000A7F94FF0000080F3118809BC19680868EF
:10403000B0E8F04F1EF0100F08BFB0EC108A80F30C
:104040000988BFF36F8F7047AFF30080AFF3008034
:10405000FC36002008B54FF0500383F31188BFF3FE
:104060006F8FBFF34F8FFFF755F828B14FF0E02364
:104070004FF08052C3F8042D002383F3118808BD4C
:104080004FF0E022002313619361054B1B68054943
:10409000A1FB03139B09013B536107231361704785
:1040A00008000020D34D62104FF0E023D3F8002D1C
:1040B0003D4B9A421CD04FF0E023D3F8002D3B4BF0
:1040C0009A421ED030B583B0394B1A78D2B20192E1
:1040D000FF221A701B78DBB28DF803309DF8033095
:1040E00003F05003334A1370334B07221A601BE06E
:1040F0004FF0500383F31188BFF36F8FBFF34F8FDF
:10410000FEE74FF0500383F31188BFF36F8FBFF3C7
:104110004F8FFEE7284A1368013B13609DF8033078
:104120005B00DBB28DF803309DF8033013F0800F95
:10413000F0D1214B1B68032B08D04FF0500383F3C1
:104140001188BFF36F8FBFF34F8FFEE71B021A4A30
:10415000136003F4E0631360019BDBB2144A137035
:104160004FF0E024D4F8203D43F47003C4F8203D20
:10417000D4F8203D43F07043C4F8203DFFF780FFA2
:1041800000250E4B1D60FFF7BFFED4F8343F43F00F
:104190004043C4F8343FFFF7A3FEFFF7E9F8FFF709
:1041A0007FFE284603B030BD71C20F4170C20F417F
:1041B00000E400E00C7B0020087B00200C000020C5
:1041C000EFF305830F2B0ED9114A9A5C114B1B7824
:1041D0009A4208D24FF0500383F31188BFF36F8FD8
:1041E000BFF34F8FFEE74FF0E023D3F80C3D03F40D
:1041F000E063094A1268934208D94FF0500383F3F1
:104200001188BFF36F8FBFF34F8FFEE7704700BF7A
:10421000F0E300E00C7B0020087B002010B5034693
:104220000C4A0D490D48006840B10C480068034431
:10423000521A934206D8094A136010BD0748084C29
:104240000460F2E700F0C8FB0C2303604FF0FF307E
:10425000F3E700BF0000022000040000107B0020F4
:10426000980B01200120704708B500F0B5FB16231C
:1042700003604FF0FF3008BD08B54FF0FF31FFF786
:10428000F3FFFEE770B50C461646002506E0AFF3D7
:104290000080214601F8010B01350C46B542F6DBE2
:1042A000304670BD70B50C461646002504E014F883
:1042B000010BAFF300800135B542F8DB304670BD2D
:1042C0004FF0FF3070474FF400534B6000207047B1
:1042D0000120704700207047124A12F0070F1ED0CD
:1042E000D11D21F00701C1F5705313440A460E4851
:1042F0000260002141601344083B23F007030B4890
:10430000036059601960991A51601360084B196075
:10431000084B1960084B4FF000421A6070474FF489
:104320007053E4E7307B0020287B0020247B0020B2
:104330001C7B0020207B0020187B0020164B1A4697
:104340001B688342FBD3516802EB010C844509D002
:10435000416800EB010C634509D00360904219D01D
:10436000106070474068014451601046F0E710B497
:104370000A4C2468A3420BD05B681944416013685F
:104380001B680360904200D010605DF8044B7047DA
:104390000460F7E7704700BF287B0020247B0020E3
:1043A00038B50446FEF7A8FE364B1B68B3B1364B52
:1043B0001B681C424CD1002C4CD004F1080214F0B4
:1043C000070F02D022F007020832002A51D02F4BEB
:1043D0001B6893424FD32E490C6804E0FFF77CFF23
:1043E000E5E721461C466368934202D22368002B0E
:1043F000F7D1244B1B68A3423FD00D6808352368D2
:104400000B6063689B1A102B10D9A01810F0070FCF
:1044100008D04FF0500383F31188BFF36F8FBFF3C1
:104420004F8FFEE743606260FFF788FF62681749BD
:104430000B689B1A0B60174909688B4201D215491A
:104440000B60114B1B68134363600023236002E081
:10445000002500E00025FEF7E9FE15F0070F0ED05D
:104460004FF0500383F31188BFF36F8FBFF34F8F6B
:10447000FEE70025EFE70025EDE70025EBE72846FE
:1044800038BD00BF247B0020187B0020207B00204B
:10449000287B00201C7B002080B338B50446A0F1A7
:1044A000080550F8043C164A1268134208D14FF030
:1044B000500383F31188BFF36F8FBFF34F8FFEE775
:1044C00050F8081C41B14FF0500383F31188BFF33B
:1044D0006F8FBFF34F8FFEE723EA020340F8043CDF
:1044E000FEF70AFE54F8041C064A13680B441360D6
:1044F0002846FFF723FFFEF799FE38BD704700BF3F
:10450000187B0020207B002050F8043C024A1068F1
:1045100023EA0000704700BF187B002070B50546F5
:104520000C46FEF7E9FD2046FFF73AFF064678B154
:1045300075B12846FFF7E8FF0838844200D30446E7
:1045400022462946304600F074FA2846FFF7A4FFB9
:10455000FEF76CFE304670BD38B505460C46FEF7DA
:10456000CBFD05FB04F42046FFF71AFF0546034682
:1045700003E0002103F8011B1446621E002CF8D151
:10458000FEF754FE284638BD08B505490A680244BE
:104590000A6004490A6802440A60FFF701FF08BD87
:1045A00034B7002030B7002058B110B50446FFF7EB
:1045B000ABFF044A13681B1A13602046FFF76CFF19
:1045C00010BD704730B7002038B50C460C4A136850
:1045D0000B4413600B4A13680B44136058B1054633
:1045E000FFF792FF074A13681B1A136021462846FB
:1045F000FFF794FF38BD0846FFF7D2FEFAE700BF89
:1046000034B7002030B7002010B501FB00F3054C93
:1046100022681A442260044C22681A442260FFF780
:104620009BFF10BD34B7002030B700200000000011
:104630002DE9F04107460E46144615A3D3E90023A1
:10464000FBF716FE0D4680462060616010A3D3E99B
:10465000002338463146FBF70BFEA260002A01DB3F
:10466000BDE8F081084981FB0231D317C3EB217308
:104670000133B8EB030165EBE37521606560034925
:1046800001FB0322A260EBE7A12FB84400CA9A3BCA
:1046900000CA9A3B0000000070B582B00D46684623
:1046A000002400940194FEF729FF009E019A4FEA2E
:1046B000461C4CEAD26C53019B1A6CEB060C4FEA79
:1046C0004C2C4CEAD35C5B029B1846EB0C0C4FEA7B
:1046D0008C1141EA93619801C01A61EB0C018018BA
:1046E0002A4646EB0101FFF7A3FF204602B070BD4A
:1046F00008B54FF400620349D0F88C02FDF706FFBD
:10470000012008BD40B7002008B5D0F88C02FDF7A5
:10471000D3FB012008BD70B5D0F88C5295F841301C
:10472000202B01D0002070BD144692B22846FDF720
:104730007BFB06463EB995F84130202B03D0012083
:10474000FFF764FAF6E70EB92046ECE70020EAE747
:104750002DE9F8430D4614461F46D0F88C820026FA
:1047600072B6D8F83C301B685868C0F50060DFF8B6
:104770005490C9F8000062B601360120FFF746FAEE
:104780000E4B1B68D9F80020934214D1BE42E7DBE0
:10479000002008E00A49C95C29540133C3F30A0325
:1047A00006490B600130054B1B689A4201D0A042BC
:1047B000F0D3BDE8F8830020F5E700BF3CB7002048
:1047C00040B7002038B70020DFF834D0FDF7B0FE46
:1047D0000C480D490D4A002302E0D458C45004335C
:1047E000C4188C42F9D30A4A0A4C002301E0136032
:1047F0000432A242FBD300F0F5F8FBF763FE7047EA
:10480000000002200000002010010020D8F600085F
:1048100010010020980B0120FEE70000002310B5D6
:104820000446C0E90033C0E90433836081814366F4
:10483000C2818361194608225C3000F0C5F80D4B37
:1048400063620D4BA3620D4BE3620D4B23630D4B73
:1048500024629C4206D003F16802944202D0D03315
:104860009C4205D104F15800BDE8104000F0DEB8CC
:1048700010BD00BFA1520008C3520008FB5200083F
:104880002153000840BF0020024A0349034800F0BA
:104890006BB800BF1400002039520008240000202B
:1048A00041680C4B994210B5044601D000F0C4FC9D
:1048B000A168094B994202D0204600F0BDFCE16896
:1048C000064B994204D02046BDE8104000F0B4BC2D
:1048D00010BD00BF40BF0020A8BF002010C00020B6
:1048E0000C4B0D4A0D4810B504211A600022FFF749
:1048F00095FF0A4B01221C46092103F16800FFF7CE
:104900008DFF04F1D0000222BDE810401221FFF714
:1049100085BF00BF78C000208948000840BF002044
:10492000014800F084B800BF7EC00020014800F0BC
:104930007FB800BF7EC0002010B50446FFF7F0FF2F
:10494000236A1BB1BDE81040FFF7F0BF044B2362A0
:10495000044B1B68002BF5D1FFF7C2FFF2E700BF45
:10496000A148000878C000202DE9F8430746884692
:1049700014460026D4E90195B9F1010905D524684A
:10498000002CF7D13046BDE8F883AB89012B07D95D
:10499000B5F90E30013303D029463846C0470643E7
:1049A0006835E9E70FB407B5064904AB086853F862
:1049B000042B8168019300F073F803B05DF804EBF9
:1049C00004B070472000002002440346934200D107
:1049D000704703F8011BF9E7014B1868704700BFE7
:1049E0002000002070B50D4B0D4D5B1B9C10002668
:1049F000A64209D10AF0D0F80A4D0B4B5B1B9C1064
:104A00000026A64205D170BD55F8043B98470136F3
:104A1000EEE755F8043B98470136F2E7CCF600087C
:104A2000CCF60008CCF60008D4F6000870477047B2
:104A300070470A44914200F1FF3300D1704710B52E
:104A400011F8014B03F8014F9142F9D110BD936861
:104A5000013B002B10B4936008DA9469A34201DB98
:104A60000A2903D15DF8044B00F05EBC1368581CA2
:104A70001060197008465DF8044B7047F8B506469B
:104A80000F461446D518AC4201D1002007E014F8B7
:104A9000011B3A463046FFF7DAFF431CF3D1F8BD5D
:104AA0002DE9F0470D469CB014461F46064618B146
:104AB000036A0BB9FFF740FF6B6ED90705D4AB89CA
:104AC0009A0502D4A86DFFF7B2FFAB891B0701D589
:104AD0002B699BB92946304600F064FC70B16B6EBF
:104AE000DC0704D54FF0FF301CB0BDE8F087AB8980
:104AF0009805F7D4A86DFFF79BFFF3E70023099310
:104B000020238DF82930039730236A4F8DF82A30FF
:104B10004FF001082346994613F8012B0AB1252AC4
:104B2000F9D1B9EB040A0BD0534622462946304648
:104B3000FFF7A4FF013000F0A480099A52440992C3
:104B400099F80030002B00F09C8000234FF0FF32DA
:104B5000CDE9052309F10109049307938DF853303A
:104B60001A934C46534814F8011B0522FBF730FBFF
:104B7000049BD0B9D90644BF20228DF853201A07D0
:104B800044BF2B228DF8532099F800202A2A13D0F5
:104B9000079A4C4600204FF00A0C214611F8013BC1
:104BA000303B092B49D968B913E0C01B08FA00F063
:104BB00018430490A146D4E7039A111D126803918B
:104BC000002A01DB079204E0524243F002030792FD
:104BD000049323782E2B0AD163782A2B32D1039B9E
:104BE0001A1D1B68039243EAE37302340593DFF84E
:104BF000D490217803224846FBF7EAFA38B1049BA7
:104C0000A0EB09004022824013430134049314F8BE
:104C1000011B29488DF828100622FBF7D9FA002835
:104C20003ED0264818BB039B073323F00703083305
:104C30000393099B034409936CE70CFB02320C4677
:104C40000120AAE700230134059319464FF00A0C0E
:104C5000204610F8012B303A092A03D9002BC6D080
:104C60000591C4E70CFB012104460123F0E703ABE7
:104C700000932A46124B04A93046AFF30080431C30
:104C8000D7D16B6ED90705D4AB899A0502D4A86D2C
:104C9000FFF7CEFEAB895B063FF524AF099823E70B
:104CA00003AB00932A46064B04A9304600F01CF9DA
:104CB000E5E700BF8CF1000896F100080000000055
:104CC0007D4A000892F1000870B50F4E0C4631681D
:104CD000054611B900F064FC30602146284600F01A
:104CE0005FFC431C03D14FF0FF34204670BDC41C51
:104CF00024F00304A042F8D0211A284600F050FC0A
:104D00000130F2D1EFE700BF80C000202DE9F84369
:104D1000CD1C25F0030508350C2D38BF0C25002DC2
:104D2000064601DBA94204D90C2333600020BDE80C
:104D3000F883DFF8D48000F0A7FAD8F800301C46DA
:104D400044BB29463046FFF7BFFF431C044658D1F9
:104D5000D8F800402746002F43D1002C4BD02368C1
:104D60003946304604EB030900F01AFC814542D174
:104D700021686D1A29463046FFF7A6FF01303AD068
:104D800023682B442360D8F800305A6862BBC8F807
:104D900000700FE02268521B20D40B2A17D961192A
:104DA000A342256018BF5960636808BFC8F80010A7
:104DB00062514B60304600F06DFA04F10B00231D88
:104DC00020F00700C21A1CBF1B1AA350AFE762688D
:104DD000A3420CBFC8F800205A60EBE72346646882
:104DE000AEE73C467F68B6E71A465B68A342FBD154
:104DF00000235360DEE70C233360304600F04AFAAC
:104E000094E70560D6E700BF84C000202DE9F04795
:104E1000164698468A680B69DDF820909342B8BF21
:104E20001346336091F8432007460C460AB101331C
:104E300033602368990642BF3368023333602568C4
:104E400015F0060506D104F1190AE36832689B1AC9
:104E5000AB4226DC94F843302268003B18BF0123A4
:104E600092062BD404F1430241463846C84701302C
:104E70001ED02368226903F00603042B02BFE568F5
:104E80003368ED1AA3680CBF25EAE5750025934247
:104E9000C4BF9B1AED1800261A34B5421AD100205F
:104EA00008E00123524641463846C847013003D145
:104EB0004FF0FF30BDE8F0870135C6E7E1185A1C16
:104EC000302081F84300224494F8451082F84310C2
:104ED0000233C7E70123224641463846C84701301E
:104EE000E6D00136D9E700002DE9F0430D7E85B00C
:104EF000782D90460C9E07460C46994601F14302D8
:104F000007D8622D0AD8002D00F0D780582D00F068
:104F1000BC8004F1420684F842503BE0A5F16303F3
:104F2000152BF6D801A151F823F000BF854F0008DA
:104F3000994F0008134F0008134F0008134F000843
:104F4000134F0008994F0008134F0008134F000833
:104F5000134F0008134F0008A1500008C34F00086A
:104F600053500008134F0008134F0008C3500008A7
:104F7000134F0008C34F0008134F0008134F0008D9
:104F80005B50000833681A1D1B68326004F142064A
:104F900084F842300123A1E033682068191D316094
:104FA000060601D51D6803E04506FBD5B3F90050A0
:104FB000002D03DA2D236D4284F843305B480A2329
:104FC00011E021683368080653F8045B02D44906EF
:104FD00048BFADB23360237E54486F2B5CD10823A9
:104FE000002184F843106668A660002E05DB216866
:104FF0002E4321F00401216050D01646B5FBF3F199
:1050000003FB115C10F80CC006F801CDAC466345FB
:105010000D46F3D9082B0BD12368DB0708D523698C
:1050200061689942DEBF302306F8013C06F1FF3685
:10503000921B2261CDF80090434603AA21463846D0
:10504000FFF7E4FE01304ED14FF0FF3005B0BDE870
:10505000F083236843F0200323603548782584F8E3
:1050600045502368316813F0800F51F8045B03D179
:1050700013F0400F18BFADB23160D90744BF43F001
:10508000200323601DB11023AAE72848E7E723681F
:1050900023F020032360F6E70A23A1E71646B9E7C9
:1050A000336825686169181D30602E061B6801D5BC
:1050B000196002E06806FBD51980002323611646BB
:1050C000B8E733681A1D32601E68626800213046F6
:1050D000FBF77EF808B1801B6060636823610023E2
:1050E00084F84330A6E72369324641463846C8472C
:1050F0000130A9D023689B0713D4E068039B984232
:10510000B8BF1846A2E70123324641463846C84791
:10511000013099D00135E36803995B1AAB42F2DCA8
:10512000EBE7002504F11906F5E700BF9DF1000843
:10513000AEF10008B1F90C202DE9F0411607054643
:105140000C4651D44B68002B02DC0B6C002B49DD64
:10515000E66A002E46D0002312F480522F682B609E
:1051600031D0626DA389590705D56368D21A636B84
:105170000BB1236CD21A0023E66A216A2846B04795
:10518000421CB4F90C3006D129681D2946D8294A99
:10519000CA40D60742D500226260D9042269226043
:1051A00004D5421C01D12B6803B96065616B2F6087
:1051B000C1B104F14403994202D0284600F034FA08
:1051C000002363630EE0216A01232846B0470246AC
:1051D000501CC7D12B68002BC4D01D2B01D0162B1F
:1051E0001AD12F6000201EE00F69002FFAD093071C
:1051F0000E6808BF4B690F6018BF0023A6EB0708B5
:105200008B60B8F1000FEDDD216AA66A43463A468D
:105210002846B047002808DCB4F90C3043F04003BE
:10522000A3814FF0FF30BDE8F0810744A8EB0008F0
:10523000E7E700BF0100402038B50B6905460C4682
:1052400013B90025284638BD18B1036A0BB9FFF71A
:1052500073FBB4F90C30002BF3D0626ED00704D48A
:10526000990502D4A06DFFF7E2FB28462146FFF71F
:1052700061FF636EDA070546E4D4A3899B05E1D498
:10528000A06DFFF7D5FBDDE70148FFF7D0BB00BFFE
:105290007DC000200148FFF7CBBB00BF7DC00020D0
:1052A00010B50C46B1F90E1000F068F90028ABBF3C
:1052B000636DA3891B1823F48053ACBF6365A3817E
:1052C00010BD2DE9F0411F468B89DB0505460C46D4
:1052D000164605D5B1F90E100223002200F03CF964
:1052E000A389B4F90E1023F48053A38132463B46C0
:1052F0002846BDE8F04100F063B910B50C46B1F99D
:105300000E1000F029F9B4F90C30421C0BBF23F445
:10531000805343F48053A381A38118BF606510BDFF
:10532000B1F90E1000F05EB9F8B50E461446054608
:1053300018B1036A0BB9FFF7FFFAA369A360A38949
:105340001A0701D5236943B92146284600F02AF8F7
:1053500018B14FF0FF373846F8BD23682269981A14
:105360006369F6B28342374605DC21462846FFF7DB
:1053700063FF0028EDD1A368013BA36023685A1C9A
:1053800022601E706269431C9A4204D0A389DB0725
:10539000E1D50A2EDFD121462846FFF74DFF002830
:1053A000D9D0D6E738B5284B054618680C4618B151
:1053B000036A0BB9FFF7C0FAB4F90C301A0721D40D
:1053C000D80607D409222A6043F04003A3814FF096
:1053D000FF3030E0590712D5616B41B104F144034D
:1053E000994202D0284600F01FF90023636300228F
:1053F000B4F90C3062602269226023F0240343F088
:105400000803A38122693AB99A0501D5180603D584
:105410002146284600F03EF8B4F90C3013F00102A2
:105420000AD00022A26062695242A261226942B996
:1054300013F08000C8D138BD990758BF6269A260D7
:10544000F4E70020F7E700BF2000002070B50C460D
:10545000B1F90E10002996B015461E460ADAA18948
:1054600011F0800113D14FF48062002031602A6076
:1054700016B070BD6A4600F0C5F80028EFDB019950
:1054800001F47041A1F5005359425941EBE7002165
:105490004022EAE78B8973B59E0705460C4607D57F
:1054A00004F14703236023610123636102B070BDEF
:1054B00001AB6A46FFF7CAFF009E28463146FFF758
:1054C00025FCB4F90C3038B99A05EFD423F0030366
:1054D00043F00203A381E3E743F08003A381019B30
:1054E0002060C4E90406002BE0D0B4F90E10284671
:1054F00000F022F80028D9D0A38923F0030343F059
:105500000103A381D2E7884210B501EB020402D95E
:105510008442234607D8431EA14207D011F8012B2D
:1055200003F8012FF8E70244824200D110BD13F8BE
:10553000011D02F8011DF7E738B5064D00230446AA
:1055400008462B60FEF7C4FE431C02D12B6803B152
:10555000236038BD88C0002038B5074D0446084692
:10556000114600222A601A46FEF7B4FE431C02D1FF
:105570002B6803B1236038BD88C0002038B5074DC3
:1055800004460846114600222A601A46FEF77AFEB3
:10559000431C02D12B6803B1236038BD88C00020B2
:1055A00038B5064D0023044608462B60FEF736FE4C
:1055B000431C02D12B6803B1236038BD88C0002092
:1055C00038B5074D04460846114600222A601A469F
:1055D000FEF768FE431C02D12B6803B1236038BD7F
:1055E00088C0002038B5064D0023044608462B60CD
:1055F000FEF766FE431C02D12B6803B1236038BD61
:1056000088C0002038B5074D0023044608461146DF
:105610002B60FEF758FE431C02D12B6803B12360B8
:1056200038BD00BF88C0002038B50546002941D0EC
:1056300051F8043C0C1F002BB8BFE418FFF724FE00
:105640001D4A136833B9636014602846BDE83840CA
:10565000FFF720BEA34208D9206821188B4201BF62
:1056600019685B6809182160EDE71A465B680BB1A1
:10567000A342FAD911685018A0420BD12068014406
:10568000501883421160E0D118685B685360084489
:105690001060DAE702D90C232B60D6E720682118C6
:1056A0008B4204BF19685B68636004BF09182160FE
:1056B0005460CAE738BD00BF84C000202DE9F04126
:1056C000074614460D4621B9BDE8F0411146FFF7E3
:1056D0001DBB2AB9FFF7A8FF25462846BDE8F08183
:1056E00000F01AF88442064602D8B4EB500FF4D802
:1056F00021463846FFF70AFB804608B94546ECE7E5
:10570000B4422246294628BF3246FFF792F929467D
:105710003846FFF789FFF1E751F8043C181F002BCA
:10572000BCBF0B58C0187047014B1868704700BFCA
:1057300074F200082DE9F04788B0109D002D69D063
:1057400005F15009044648460E4690461F4600F0B3
:10575000D5F900285ED0002C5CD0D4F800A0BAF1B6
:10576000000F04D06427384608B0BDE8F087304603
:1057700004F0A4FF002852D0B8F1000F4AD0002F47
:1057800048D0CDE903AA07AA059205F1580393E88A
:1057900007008DE80700CDF81CA0394699E80C00F9
:1057A000304604F0DFFF074600284FD12B6D296EED
:1057B000C8209847206000284ED0304604F0A0FF53
:1057C00005F164030093079A27682B46414600F0D1
:1057D00055FA2368C7F8C400D3F8C40070B303F1C6
:1057E000700100F029FB23680746D0B995F84820DE
:1057F00083F8B820294670221846FFF71AF9326854
:10580000C0F8C02007986B6D296E9847384608B0DD
:10581000BDE8F0870B27384608B0BDE8F087C827F9
:10582000A1E78BB1D3F8C42042B1304604F068FF41
:105830002368D3F8C41000F00FFB23686A6D296E4B
:1058400018469047002323600127DBE76728D9D05B
:10585000692803D00A28F7D10A27D3E76727D1E7B9
:1058600070B5144D144988B0044650222846FFF7FD
:10587000E0F802A800F034F90DF1080CBCE80F00C4
:1058800005F1500EAEE80F006E46DCF80030CEF8A1
:105890000030304600F074F996E8030005F1640327
:1058A00083E80300702229462046FFF7C2F820460D
:1058B00008B070BD90C0002078F20008F8B103680D
:1058C00070B50446B3B11646D3F8C42092B1D3F8EC
:1058D000C0000D4604F02EFB60B12368D3F8C4006D
:1058E00040B155B13246294600F068F9003818BF7A
:1058F000012070BD4FF4967070BD0B2070BD4FF449
:10590000967070472DE9F04186B0B8B31C46ABB332
:105910000F469046064604F061FC04F10C03059026
:1059200093E803008DE8030005A894E80E0004F056
:1059300057FC0546E0B902AD284604F0F1FA95E8B7
:105940000300334686E8030005AA4146384604F0C2
:1059500057FB0546B8B9B460224606F10C01032096
:1059600004F0C0FF054670B905A804F09FFC08B11B
:1059700000F0EAF8284606B0BDE8F0810B2528467D
:1059800006B0BDE8F08100F0DFF805A804F08EFC59
:105990000028EFD0ECE700BFB8B32DE9F0430D4687
:1059A000A1B029B316461AB31F460BB30DF1100868
:1059B0000446404604F032FD98E803000DF1180952
:1059C00084E80300484604F0A1FE404604F026FDAA
:1059D000CDF8009098E803003B4684E80300324687
:1059E0002946204604F024FD30B921B0BDE8F083FB
:1059F0000B2021B0BDE8F083039000F0A5F800F083
:105A0000A3F8039821B0BDE8F0830B20704700BFD6
:105A100068B32DE9F0410D46A0B021B3164612B38C
:105A20001F4603B30446FFF77FFE0DF11008206008
:105A30004046FFF715FF0F4950224046FEF7F9FF99
:105A4000CDF800803B46324629462046FFF772FEDD
:105A500010B920B0BDE8F081039000F075F803980C
:105A600020B0BDE8F0810B2020B0BDE8F0810B2014
:105A7000704700BFC8F2000808F09EBC08F0B2BD35
:105A800008F006BD08F0FCBC10B5054C86468446FF
:105A90000FCCACE80F002368CCF80030704610BD86
:105AA00018F30008A8B10268A2B14168A1B110B40E
:105AB000C46864B1806838B1084B1A600022C3E939
:105AC0000342C3E9011001205DF8044B70472046F2
:105AD000FAE770471046704708467047700000208C
:105AE00010B5054C864684460FCCACE80F00236801
:105AF000CCF80030704610BD7000002058B103682B
:105B000043B1436833B1C36823B18068003818BF1C
:105B10000120704718467047064B1B783BB1064B77
:105B20001A780AB901221A70044B18787047044B8E
:105B30001878704700C1002019C1002018C100204A
:105B400044EC0008000000009FED077B084A09486C
:105B500009490023138082ED027B084A03700B7011
:105B600013707047AFF300800000000000000000D9
:105B700008C1002019C1002018C1002000C1002068
:105B8000002202600271704770B4DDE9035662B111
:105B90005BB155B14EB1064C2070C4E90112C4E9A5
:105BA00003356661002070BC70470B2070BC7047E5
:105BB0001CC10020C96F02F03DBB00BF002853D0BC
:105BC00070B50D468EB000294BD00446006800F039
:105BD00047FC002845D06668002E42D0B4692846AC
:105BE00023699847F369059013B105A8984705986C
:105BF000D6F880301B6900907269B16F03F5287088
:105C000006AB03F003F9D8B1A36806A92846984764
:105C1000336A04460BB106A8984796F87A30012BF0
:105C2000D6F8803022D01869F16F00F5287002F0A4
:105C300001FB2040C4B284F00100C0B20EB070BDC0
:105C4000D6F880301869059B00930B4B01930296A0
:105C50007269B16F00F5287006AB03F007F90028F0
:105C6000D2D101200EB070BD01207047186900F537
:105C7000287001F059FFDEE7B55B00082DE9F04F11
:105C800087B0002800F0CC800E46002900F0C880C4
:105C9000044600681546984600F0E2FB002800F034
:105CA000BF80002D00F0BC802B78002B00F0B88066
:105CB000B8F1000F00F0B4805C48D4F8049005F00F
:105CC0000FFB002800F0AC808468C4F8884005F021
:105CD0002BFB04F19C0AC4F88400C4F88CA028466D
:105CE000FAF73AFB01303C2804F1840700F2918076
:105CF0004F4A2B463C21504608F0D2FB4FF47A73B2
:105D0000E3674146C4F88090502204F12800FEF772
:105D100090FE98F808304749022BD9F810300CBF94
:105D2000D3F87C33D3F87833A3670023C4E907336F
:105D3000304600F0A3FB00286BD04268A261002A25
:105D400067D029464346484605F07EFD606200283C
:105D500063D0D9F8103003F580530321B3F89805C8
:105D6000421CA3F8982501F091FDD4F88020D9F8C1
:105D700010302061D3F88433106906250095196826
:105D80002269D9F8143000F5287001F0D9FC0246D8
:105D9000D9F81000D0F88C33D0F8841300F0E0FA72
:105DA000B8B3D9F8103003F580530521B3F89A053C
:105DB000421CA3F89A2501F069FDD4F88030606197
:105DC0001E69D9F81030D4F824B00DF1100A4146FC
:105DD0005046D3F8848300F0DFFA03959AE8030075
:105DE0000190ADF80810DBF81030009306F5287626
:105DF000D4E90432D8F80010304601F0D1FC024654
:105E0000D9F81000D0F88C33D0F8841300F0A8FA39
:105E100038B9606A08B100F047FA384600F0ECF98A
:105E20000027384607B0BDE8F08F00BF140A0120F4
:105E30007CEC000848EC000850B108B50B4649B1AD
:105E40004168502228311846FEF7F3FD002008BDB6
:105E50000B2070470B2008BDF8B528B10446006838
:105E60000D4600F0FDFA10B901242046F8BD636824
:105E7000002BF9D0002DF7D0286800F0F1FA0028A7
:105E8000F2D06C68002CEFD0606AD4F8807005F016
:105E90002BFDD4F8803062691869D0F8883300F59A
:105EA0002870196801F098FBD4F8803022691B69CA
:105EB000D3F888130446096803F5287001F08CFBB9
:105EC0003E692246D6F89033D6F888130446304609
:105ED00000F046FA3E692246D6F89033D6F8881389
:105EE0000446304600F03CFA2CB120B1002428468C
:105EF00000F082F9B9E70224F9E700BFE2B12DE929
:105F0000F041057B0646ADB9C823C0E90055836062
:105F100040F20113174683810C46A84621463046BD
:105F2000013505F0EDF9AF42A46084F80C8004F16E
:105F3000C804F3D1BDE8F081704700BFE2B12DE99C
:105F4000F041057B0646ADB9C823C0E90055836022
:105F500040F20113174683810C46A846214630467D
:105F6000013505F0CDF9AF42A46084F80C8004F14E
:105F7000C804F3D1BDE8F081704700BFE2B12DE95C
:105F8000F041057B0646ADB9D823C0E900558360D2
:105F900040F20113174683810C46A846214630463D
:105FA000013505F0ADF9AF42A46084F80C8004F12E
:105FB000D804F3D1BDE8F081704700BFE2B12DE90C
:105FC000F041057B0646ADB9D823C0E90055836092
:105FD00040F20113174683810C46A84621463046FD
:105FE000013505F08DF9AF42A46084F80C8004F10E
:105FF000D804F3D1BDE8F081704700BFE2B12DE9CC
:10600000F041057B0646ADB9A423C0E90055836085
:1060100040F20113174683810C46A84621463046BC
:10602000013505F06DF9AF42A46084F80C8004F1ED
:10603000A404F3D1BDE8F081704700BFEAB12DE9B7
:10604000F843057B0646B5B9C0E9005541F2A858AA
:1060500040F201131746C0F808800C468381A94618
:1060600021463046013505F04BF9AF42A46084F873
:106070000C904444F4D1BDE8F8837047E2B12DE9B7
:10608000F041057B0646ADB91C23C0E9005583608D
:1060900040F20113174683810C46A846214630463C
:1060A000013505F02DF9AF42A46084F80C8004F1AD
:1060B0001C04F3D1BDE8F081704700BFEAB12DE9BF
:1060C000F041057B0646B5B94FF40463C0E90055BD
:1060D000836040F20113174683810C46A84621468F
:1060E0003046013505F00CF9AF42A46084F80C800D
:1060F00004F50464F3D1BDE8F0817047E2B12DE905
:10610000F041057B0646ADB92C23C0E900558360FC
:1061100040F20113174683810C46A84621463046BB
:10612000013505F0EDF8AF42A46084F80C8004F16D
:106130002C04F3D1BDE8F081704700BFE2B12DE936
:10614000F041057B0646ADB91C23C0E900558360CC
:1061500040F20113174683810C46A846214630467B
:10616000013505F0CDF8AF42A46084F80C8004F14D
:106170001C04F3D1BDE8F081704700BFE2B12DE906
:10618000F041057B0646ADB92023C0E90055836088
:1061900040F20113174683810C46A846214630463B
:1061A000013505F0ADF8AF42A46084F80C8004F12D
:1061B0002004F3D1BDE8F081704700BF01460148DB
:1061C00005F09EB8340A012038B50446006828B1AD
:1061D000074B1968FAF7B6F840B92060616829B131
:1061E000002504480D6105F08BF8656038BD00BFDF
:1061F000B4F30008040A012010B50446006828B171
:10620000064B1968FAF79EF838B92060616821B129
:10621000034805F075F80023636010BDB4F300086F
:10622000140A012010B50446006828B1064B19680D
:10623000FAF788F838B92060616821B1034805F0A1
:106240005FF80023636010BDB4F30008540A012016
:1062500010B50446006828B1064B1968FAF772F8C1
:1062600038B92060616821B1034805F049F800237E
:10627000636010BDB4F30008240A012010B5044681
:10628000006828B1064B1968FAF75CF838B9206045
:10629000616821B1034805F033F80023636010BD45
:1062A000B4F3000838C1002010B504462146034865
:1062B00005F026F80023A36110BD00BF640A012089
:1062C00082B030B525490D6803AC84E80C001C464B
:1062D000002D41D02B4600219A685B68D2F8142823
:1062E000904208BF0131002BF6D19DF80C30022BF3
:1062F00029D007D9032B05D00021BDE8304008463E
:1063000002B0704714B38C4220D8002DF4D0002185
:106310004FF0FF3C6FF0004402E06D68002DECD0C0
:10632000AB68D3F814289042F7D1D3F8182803F5B6
:106330000263624553F8043C73EB040EEDDA9446B5
:106340001C462946E9E70CB18C42D5D9BDE830405E
:10635000024802B004F0C4BF2946C6E7440A01203F
:1063600010B58C7886B0012CADF80E200CD01946F3
:10637000012300930DF10E020DF1170300F52870B3
:1063800001F07EFF06B010BD00F5287001F0CCFBD7
:10639000204606B010BD00BF4A7A91F808C0022A14
:1063A00018BF002202700A7889888180ACF1020C43
:1063B000A2F10202BCFA8CFCB2FA82F24FEA5C1C37
:1063C000520980F801C08270704700BF30B50023C9
:1063D0000B70036887B01446D3B10F4A1546039279
:1063E000009542680D48019008460D4904920591B8
:1063F00002910C4A214608F053F8002805DB84423C
:10640000D4BF0020012007B030BD002007B030BD50
:10641000054B014A1D46E2E76CEC000884EC0008DD
:1064200080EC000870EC000808EF000810B582B09E
:1064300014460090084B094A0846214608F030F8F7
:10644000002805DB8442D4BF0020012002B010BD2B
:10645000002002B010BD00BF2CF3000888EC00083B
:1064600010B5044640B104F05FFF01462046F9F73D
:1064700069FFB0FA80F0400910BD00BF836818477B
:1064800010B504460068F9F75DFF00280CBF2046F0
:10649000002010BD044B1A680AB103487047034A34
:1064A000014812681A6070478C0000200801002023
:1064B000024A034B12681A60704700BF08010020AF
:1064C0008C00002005F03EBC05F040BC044B1A686F
:1064D0000AB103487047034A014812681A607047BE
:1064E000D40000200C01002008B50421002001F098
:1064F00007F8043008BD00BF09B100F019BF084615
:10650000704700BF38B108B50B461846042100F0AB
:10651000F7FF043008BD70470A4618B101681046FD
:1065200000F06EBE704700BF30B108B504210020F6
:1065300000F0E6FF043008BD704700BF0048704718
:10654000E000002038B50D460121044600F08CFF24
:1065500048B1A3681D70A268236901210A440B4455
:10656000A26023616175A07D80F0010038BD00BF8D
:1065700038B50D460121044600F076FF60B1A268EF
:10658000236912F8011B003918BF0121297001335A
:106590000121A26023616175A07D80F0010038BDFA
:1065A00038B50D460121044600F05EFF48B1A368EE
:1065B0001D70A268236901210A440B44A260236173
:1065C0006175A07D80F0010038BD00BF38B50D4673
:1065D0000121044600F048FF50B1A3681B782B70DE
:1065E000A268236901210A440B44A26023616175FA
:1065F000A07D80F0010038BD2DE9F04182B00B464E
:1066000002210446ADF8063000F082FF0146204624
:10661000677D00F0C1FF0221204600F019FF78BB22
:10662000D4E90135AB4226D95E1BA3602369C6F1CC
:106630000208334423614146204600F015FF00283C
:106640003BD0237D012B4AD09DF807302B70002EC4
:1066500040D09DF806306B702369A268A07D02339C
:106660009E1B4244022380F00100A26026616375F4
:1066700002B0BDE8F0810221204600F0F5FE90B1A5
:10668000237D012BA36814D09DF807201A70A368FE
:106690009DF806205A70A268236902320233022153
:1066A000A26023616175A07D80F0010002B0BDE8A9
:1066B000F081BDF806201A80EDE7A2682369A07D6D
:1066C0006775921B9B1B80F00100A260236102B0E2
:1066D000BDE8F081A3689DF806201A70BCE7284643
:1066E0000DF1060529463246FEF7A3F9A068424699
:1066F000A919FEF79EF9AFE72DE9F04383B00D46E7
:1067000002210446ADF8062000F002FF01462046B3
:1067100094F8158000F040FF0221204600F098FE1A
:1067200070BBD4E90167BE4225D92369A660F61B78
:106730003344C6F1020923614946204600F094FE25
:10674000002839D0012D4AD09DF807303B70002E2B
:1067500040D09DF806307B702369A268A07D02338B
:106760004A449B1B022180F00100A26023616175F5
:1067700003B0BDE8F0830221204600F075FE88B129
:10678000012DA36814D09DF807201A70A3689DF806
:1067900006205A70A2682369023202330221A260E5
:1067A00023616175A07D80F0010003B0BDE8F08336
:1067B000BDF806201A80EDE7A2682369A07D84F861
:1067C0001580921B9B1B80F00100A260236103B027
:1067D000BDE8F083A3689DF806201A70BCE70DF1B0
:1067E0000605294632463846FEF723F9A0684A4690
:1067F000A919FEF71EF9AFE72DE9F8430D4602216E
:10680000044600F085FE0146204694F8158000F00D
:10681000C3FE0221204600F01BFE60BBD4E90167E5
:10682000BE4223D92369A660F61B3344C6F1020990
:1068300023614946204600F017FE002834D0237D0E
:10684000012B42D07B782B70002E3AD03B786B70B6
:106850002369A268A07D022102334A449B1B617513
:10686000A260236180F00100BDE8F8830221204688
:1068700000F0FAFD80B1237D012BA36811D05B7875
:106880002B70A3681B786B70A268236902320233F5
:106890000221A26023616175A07D80F00100BDE846
:1068A000F8831B882B80EFE7A2682369A07D84F81A
:1068B0001580921B9B1BA260236180F00100BDE844
:1068C000F883A3681B786B70C2E7394632462846C6
:1068D000FEF7AFF8A1684A46A819FEF7AAF8B7E78D
:1068E0002DE9F0470E4602210446154600F010FE41
:1068F0000146204694F8159000F04EFE02212046F5
:1069000000F0A6FD70BBD4E90178474525D923697D
:10691000A760A7EB08073B44C7F1020A2361514671
:10692000204600F0A1FD002834D0012E43D098F875
:1069300001302B70002F3AD098F800306B7023692B
:10694000A268A07D022102335244DB1B6175A26064
:10695000236180F00100BDE8F0870221204600F0AD
:1069600083FD78B1012EA36811D05B782B70A368EA
:106970001B786B70A2682369023202330221A26085
:1069800023616175A07D80F00100BDE8F0871B8860
:106990002B80EFE7A2682369A07D84F81590D21BB5
:1069A000DB1BA260236180F00100BDE8F087A368D3
:1069B0001B786B70C3E741463A462846FEF739F824
:1069C000A1685246E819FEF734F8B8E72DE9F0411E
:1069D00082B004460191042100F09AFD0146204650
:1069E000677D00F0D9FD0421204600F031FD00282C
:1069F00039D1D4E90135AB4230D95E1BA36023699C
:106A0000C6F10408334423614146204600F02CFDC2
:106A100000284CD0237D012B63D09DF807302B70CC
:106A2000002E51D09DF806306B70012E50D09DF88D
:106A30000530AB70022E4FD09DF80430EB70236907
:106A4000A268A07D04339E1B4244042380F0010011
:106A5000A2602661637502B0BDE8F0810421204682
:106A600000F002FDD0B1237D012BA3681CD09DF85E
:106A700007201A70A3689DF806205A70A3689DF835
:106A800005209A70A3689DF80420DA70A268236933
:106A9000043204330421A26023616175A07D80F07B
:106AA000010002B0BDE8F081019A1A60EEE7A26829
:106AB0002369A07D6775921B9B1B80F00100A2607B
:106AC000236102B0BDE8F081A3689DF806201A702A
:106AD000A3689DF805201A70A3689DF804201A7019
:106AE000ADE7284601AD29463246FDF7A2FFA06872
:106AF0004246A919FDF79DFFA1E700BF2DE9F0432C
:106B000083B00D4604210446019200F001FD0146C8
:106B1000204694F8158000F03FFD0421204600F047
:106B200097FC002838D1D4E90176B7422FD92369E0
:106B3000A760BF1B3B44C7F10409236149462046B7
:106B400000F092FC00284AD0012D63D09DF8073058
:106B50003370002F51D09DF806307370012F50D044
:106B60009DF80530B370022F4FD09DF80430F370BC
:106B70002369A268A07D04334A44DB1B042180F012
:106B80000100A2602361617503B0BDE8F0830421B8
:106B9000204600F069FCC8B1012DA3681CD09DF807
:106BA00007201A70A3689DF806205A70A3689DF804
:106BB00005209A70A3689DF80420DA70A268236902
:106BC000043204330421A26023616175A07D80F04A
:106BD000010003B0BDE8F083019A1A60EEE7A268F5
:106BE0002369A07D84F81580D21BDB1B80F0010097
:106BF000A260236103B0BDE8F083A3689DF806207E
:106C00001A70A3689DF805201A70A3689DF80420E7
:106C10001A70ADE701AD29463A463046FDF709FF47
:106C2000A0684A46E919FDF704FFA1E72DE9F843FA
:106C30000D460421044600F06BFC0146204694F802
:106C4000158000F0A9FC0421204600F001FC00287A
:106C500038D1D4E90176B7422FD92369A760BF1B89
:106C60003B44C7F1040923614946204600F0FCFB80
:106C7000002846D0237D012B5CD0F3782B70002FA9
:106C80004CD0B3786B70012F05F102034AD07378B2
:106C9000AB70022F05F1030348D03378EB70236902
:106CA000A268A07D042104334A44DB1B6175A26005
:106CB000236180F00100BDE8F8830421204600F044
:106CC000D3FBB0B1237D012BA36817D0DB782B70E9
:106CD000A3689B786B70A3685B78AB70A3681B7824
:106CE000EB70A2682369043204330421A26023619B
:106CF0006175A07D80F00100BDE8F8831B682B6002
:106D0000EFE7A2682369A07D84F81580D21BDB1B06
:106D1000A260236180F00100BDE8F883A3689B783E
:106D20006B70AB1CA268527803F8012BA268127832
:106D30001A70B4E731463A462846FDF77AFEA16854
:106D40004A46E819FDF775FEA9E700BF2DE9F047AF
:106D50000E4604210446154600F0DAFB01462046A3
:106D600094F8159000F018FC0421204600F070FB08
:106D700000283CD1D4E90137BB4233D9A3EB070843
:106D8000A3602369C8F1040A4344236151462046A5
:106D900000F06AFB002848D0012E61D0FB782B70F0
:106DA000B8F1000F50D0BB786B70B8F1010F05F14E
:106DB00002034DD07B78AB70B8F1020F05F10303ED
:106DC0004AD03B78EB702369A268A07D042104338C
:106DD0005244A3EB08036175A260236180F00100B7
:106DE000BDE8F0870421204600F03EFBA8B1012E4B
:106DF000A36817D0DB782B70A3689B786B70A368AF
:106E00005B78AB70A3681B78EB70A26823690432CF
:106E100004330421A26023616175A07D80F001002C
:106E2000BDE8F0871B682B60EFE7A2682369A07DAF
:106E300084F81590A2EB0802A3EB0803A26023617B
:106E400080F00100BDE8F087A3689B786B70AB1CF5
:106E5000A268527803F8012BA26812781A70B2E780
:106E6000394642462846FDF7E4FDA168524605EB47
:106E70000800FDF7DEFDA6E72DE9F041082182B00C
:106E80000446CDE9002300F043FB01462046677D20
:106E900000F082FB0821204600F0DAFA00284ED1EB
:106EA000D4E90135AB4245D95E1BA3602369C6F125
:106EB0000808334423614146204600F0D5FA0028F3
:106EC00074D0237D012B00F09B809DF807302B7040
:106ED000002E78D09DF806306B70012E77D09DF88B
:106EE0000530AB70022E76D09DF80430EB70032E87
:106EF00075D09DF803302B71042E74D09DF80230AC
:106F00006B71052E73D09DF80130AB71062E72D0D7
:106F10009DF80030EB712369A268A07D08339E1BA9
:106F20004244082380F00100A2602661637502B02C
:106F3000BDE8F0810821204600F096FA50B3237D89
:106F4000012B2DD0A3689DF807201A70A3689DF827
:106F500006205A70A3689DF805209A70A3689DF8D2
:106F60000420DA70A3689DF803201A71A3689DF8C5
:106F700002205A71A3689DF801209A71A3689DF8B8
:106F80000020DA71A2682369083208330821A26060
:106F900023616175A07D80F0010002B0BDE8F08141
:106FA0006B4603CBA36818605960EBE7A2682369BE
:106FB000A07D6775921B9B1B80F00100A26023617E
:106FC00002B0BDE8F081A3689DF806201A70A3689E
:106FD0009DF805201A70A3689DF804201A70A36814
:106FE0009DF803201A70A3689DF802201A70A36808
:106FF0009DF801201A70A3689DF800201A708AE796
:1070000028466D4629463246FDF713FDA0684246E4
:10701000A919FDF70EFD7EE72DE9F04182B00B4680
:1070200002210446ADF8063000F072FA014620460F
:10703000677D00F0B1FA0221204600F009FA78BB22
:10704000D4E90135AB4226D95E1BA3602369C6F1A2
:107050000208334423614146204600F005FA002827
:107060003BD0237D012B4AD09DF807302B70002E9A
:1070700040D09DF806306B702369A268A07D023372
:107080009E1B4244022380F00100A26026616375CA
:1070900002B0BDE8F0810221204600F0E5F990B190
:1070A000237D012BA36814D09DF807201A70A368D4
:1070B0009DF806205A70A268236902320233022129
:1070C000A26023616175A07D80F0010002B0BDE87F
:1070D000F081BDF806201A80EDE7A2682369A07D43
:1070E0006775921B9B1B80F00100A260236102B0B8
:1070F000BDE8F081A3689DF806201A70BCE7284619
:107100000DF1060529463246FDF793FCA06842467C
:10711000A919FDF78EFCAFE72DE9F8430D460221D2
:10712000044600F0F5F90146204694F8158000F079
:1071300033FA0221204600F08BF960BBD4E90167E5
:10714000BE4223D92369A660F61B3344C6F1020967
:1071500023614946204600F087F9002834D0237D7A
:10716000012B42D07B782B70002E3AD03B786B708D
:107170002369A268A07D022102334A449B1B6175EA
:10718000A260236180F00100BDE8F883022120465F
:1071900000F06AF980B1237D012BA36811D05B78E0
:1071A0002B70A3681B786B70A268236902320233CC
:1071B0000221A26023616175A07D80F00100BDE81D
:1071C000F8831B882B80EFE7A2682369A07D84F8F1
:1071D0001580921B9B1BA260236180F00100BDE81B
:1071E000F883A3681B786B70C2E73946324628469D
:1071F000FDF71FFCA1684A46A819FDF71AFCB7E77E
:107200002DE9F04182B004460191042100F080F99B
:1072100001462046677D00F0BFF90421204600F0BA
:1072200017F9002839D1D4E90135AB4230D95E1BBA
:10723000A3602369C6F10408334423614146204614
:1072400000F012F900284CD0237D012B63D09DF86B
:1072500007302B70002E51D09DF806306B70012E38
:1072600050D09DF80530AB70022E4FD09DF8043001
:10727000EB702369A268A07D04339E1B4244042363
:1072800080F00100A2602661637502B0BDE8F08164
:107290000421204600F0E8F8D0B1237D012BA3683B
:1072A0001CD09DF807201A70A3689DF806205A701C
:1072B000A3689DF805209A70A3689DF80420DA70F1
:1072C000A2682369043204330421A260236161753A
:1072D000A07D80F0010002B0BDE8F081019A1A6043
:1072E000EEE7A2682369A07D6775921B9B1B80F067
:1072F0000100A260236102B0BDE8F081A3689DF89F
:1073000006201A70A3689DF805201A70A3689DF8DE
:1073100004201A70ADE7284601AD29463246FDF734
:1073200088FBA0684246A919FDF783FBA1E700BFCF
:107330002DE9F8430D460421044600F0E9F8014622
:10734000204694F8158000F027F90421204600F02B
:107350007FF8002838D1D4E90176B7422FD92369C4
:10736000A760BF1B3B44C7F104092361494620467F
:1073700000F07AF8002846D0237D012B5CD0F3780A
:107380002B70002F4CD0B3786B70012F05F10203E6
:107390004AD07378AB70022F05F1030348D03378DD
:1073A000EB702369A268A07D042104334A44DB1BEF
:1073B0006175A260236180F00100BDE8F8830421BB
:1073C000204600F051F8B0B1237D012BA36817D0FF
:1073D000DB782B70A3689B786B70A3685B78AB70CD
:1073E000A3681B78EB70A26823690432043304217C
:1073F000A26023616175A07D80F00100BDE8F88383
:107400001B682B60EFE7A2682369A07D84F81580D4
:10741000D21BDB1BA260236180F00100BDE8F88372
:10742000A3689B786B70AB1CA268527803F8012BA1
:10743000A26812781A70B4E731463A462846FDF73A
:10744000F8FAA1684A46E819FDF7F3FAA9E700BF80
:10745000837D3BB9D0E901031944884234BF002041
:107460000120704700207047837D43B9D0E9012196
:10747000914210B5044605D20123184610BD0023E1
:107480001846704782693AB1C169904780F001039C
:10749000DBB2A075184610BD0120A075FAE700BF49
:1074A000C0E90612704700BF10B4019C01600A4495
:1074B00042600A191C44C0E9033482609DF8083018
:1074C00003750022C0E906225DF8044B42758275FF
:1074D000704700BF10B582B0049C00940124019451
:1074E000FFF7E2FF02B010BD10B582B00024009497
:1074F000FFF7F0FF02B010BD0023FFF7F5BF00BF9C
:10750000B0FBF1F303FB1100081A01390840704782
:10751000437D8B4208D20069B0FBF1F301FB1300FD
:10752000081A0139084070470020704738B50446F2
:107530000D46FFF7EDFFA368216965751A186368AA
:107540009342084428BF13462061A36038BD00BFA2
:1075500082680068101A7047D0E90120101A70473D
:1075600038B5837D63B9D0E901329A4204460D46AD
:1075700008D339B1836963B1C1699847A07508B16F
:10758000002038BD2046FFF7E7FFA84228BF284665
:1075900038BD01238375F3E738B504460D46FFF780
:1075A00057FF78B12369A2682B44236101232A4441
:1075B0006375A26038BDA2682369024403442D1A92
:1075C000A2602361294601222046FFF7C9FF002857
:1075D000F1D10123637538BD10B500238EB0CDE91C
:1075E000013203230093042206AB0446039101F009
:1075F0006FF818B9044620460EB010BD029905AACE
:10760000204601F09BF905A9044606A802F000FBFC
:1076100020460EB010BD00BF10B5C2F3074C8CB0B1
:10762000CDE90221BCF1010F0CBF03F001020022E1
:107630000E339DF8381001911A44012300930399E9
:1076400004AB92B2044601F043F818B90446204650
:107650000CB010BD02990F9A204601F06FF90F99F6
:10766000044604A802F030FA20460CB010BD00BF5A
:1076700070B5ADF5167D11ACADF854320323CDE9EC
:10768000022123729A9B9DF86C620122002105461B
:1076900022718DF81410CBB18DF81C2008934FF493
:1076A000007215A909A8FFF727FF05A909A801F08D
:1076B000D9FE0D9B00960194DDE90221E360284686
:1076C0009BB2FFF7A9FF0DF5167D70BD8DF81C303C
:1076D000E5E700BF70B5ADF5187DCDE90332059142
:1076E000054697A9184602239DF878628DF8503018
:1076F00000F0EEF89C9B06939D9B0A9303238DF864
:10770000543001234FF400728DF8243017A9002360
:107710000BA88DF81C30FFF7EFFE06A90BA801F0AF
:10772000C3FE0F9B169313ACDDE904210096019470
:107730009BB22846FFF770FF0DF5187D70BD00BFA6
:10774000F0B5ADF28C4D054605911846032692A979
:10775000CDE903329DF8A0748DF83C6000F0B8F8D4
:1077600000234FF4007212A906A88DF84C328DF850
:1077700054328DF84060FFF7BFFE93A906A801F0D0
:1077800047FF0A9B11930EACDDE904210097019499
:107790009BB22846FFF740FF0DF28C4DF0BD00BFB5
:1077A0002DE9F041ADF5227D1DACCDE90332BDF8E8
:1077B000A85205910646A1A91846052323719DF8F4
:1077C000AC82032700F084F8A89827720EA900F075
:1077D0007FF80023ADF844509DF8A5228DF8643061
:1077E000003D18BF01258DF846308DF84C308DF8DE
:1077F0005430ADF8403001238DF842508DF83A30C6
:107800008ABBADF840304FF0230E4FF0130C0B2520
:107810002122112109209DF8A63223B9ADF840702C
:107820007246614628469DF8A432012B25D0032BD1
:1078300029D02BB34FF4007221A906A8FFF75CFEF4
:107840000EA906A801F05AFF0A9BCDF8008001940A
:10785000DDE90421E36030469BB2FFF7DDFE0DF564
:10786000227DBDE8F0814FF0220E4FF0120C0A2568
:107870002022102108200227CDE7ADF84010D9E7DB
:10788000ADF84000D6E7ADF84020D3E782B0002342
:107890008DF80610BDF8062060F30F0362F31F4356
:1078A000184602B0704700BF4378017882B003F0F9
:1078B0000F028DF806201B09BDF8062003EB01130B
:1078C000002063F30F0062F31F4002B0704700BF57
:1078D0000246C0F3034382B0C2F30B1C03EB021059
:1078E00081F800C0487002B0704700BF00B58BB08F
:1078F0000146042202A8FFF7FFFD0DF105030DF17B
:10790000060201A902A801F09BF99DF804300D2B95
:1079100003D000200BB05DF804FB9DF8053013F098
:10792000020F14BF022001200BB05DF804FB00BF62
:1079300070B50025ADF5347D04464FF424720E4633
:1079400010A82946CDE90355FDF73EF803A93046B6
:1079500002F04AF9BDF80C30ADF84030204600F096
:10796000E5FF2B4600900C2205A908A8FFF7B2FD01
:1079700010A908A802F0AAF9089B2A462946204621
:1079800000F07EFF08A8FFF7E3FD236F024605A97C
:10799000D3E90004A0470DF5347D70BD70B592B0F9
:1079A00005460E46144600F0C1FF05A900900023CD
:1079B0000AA81122FFF78EFD182202FB04540023AF
:1079C000052250340A210AA801F020F903A9204613
:1079D00004F0BEFD40BAADF80E0003A90AA88DF868
:1079E000106002F0E3F900220A9B1146284600F0DD
:1079F00047FF0AA8FFF7ACFD2B6F024605A9D3E9A4
:107A00000004A04712B070BD10B59FED0D7B0023A0
:107A1000C0E91C130446C0E91E33C0E92033C0E9A5
:107A20002233C0E9243380ED267B80F8A030812109
:107A300000F092FE04F10800BDE8104001F002B829
:107A40000000000000000000C0E92012704700BFE5
:107A5000C0E92212704700BFC0E92912704700BF79
:107A6000C0E92B12704700BF10B584B0CDE90021EA
:107A7000044600F05BFFDDE90021034604F1080045
:107A800004B0BDE8104001F027B800BF10B588B0C1
:107A9000CDE904210446039300F048FFDDE90332F9
:107AA0000090059904F1080001F02AF80022C3B201
:107AB00063F30702C0F3072363F30F22C0F3074306
:107AC00063F31742030E63F31F62104608B010BD44
:107AD00082B0083002B001F02DB800BF10B584B0FC
:107AE0000B4C0094083001F03BF80022C3B263F362
:107AF0000702C0F3072363F30F22C0F3074363F3C6
:107B00001742030E63F31F62104604B010BD00BF9E
:107B1000ED78000810B5044601F0D8F8D4E9263213
:107B2000C01A61EB020110BD2DE9F047037E84B05D
:107B30000446002B35D04FF0000948460DF10208ED
:107B400003AF02AE06E0237E09F101095FFA89F076
:107B5000834226D90122114604EB001500F01EFFD6
:107B60000835844643463A4631462846CDF804C097
:107B700004F074FD0028E6D0029BBDF802209DF8B9
:107B80000410204600F07CFE236F039A5D6818689D
:107B90000299A84709F10109237E5FFA89F083421F
:107BA000D8D894F848308BB34FF000090DF1020893
:107BB00003AF02AE48460122022100EB800500F02F
:107BC000EDFE04EBC505203501900DE0BDF8022067
:107BD0009DF80410029B00F053FE236F039AD3F824
:107BE00004A002991868D04743463A4631462846D1
:107BF00004F052FF03462046002BE7D194F84830AA
:107C000009F101095FFA89F08342D4D804B0BDE8D4
:107C1000F08700BF2DE9F0410D46ADF5247D6946A2
:107C20000746284601F0EEFE02A9044628469DF8C4
:107C30000580FEF79DFC9DF808300440E4B25BB976
:107C400087A92846FEF794FC9DF81C3206464BB9DE
:107C50000DF5247DBDE8F08103A9284601F07AFDE9
:107C60000440EDE788A92846FEF7B0FC3442EFD087
:107C70000028EDD09DF820320D2BE9D18AA92846A5
:107C8000FFF74AFA40B1BDF92832002B07DDB8F101
:107C9000000F14BF0120022087F8B500D8E70020AC
:107CA000FAE700BF2DE9F04F97B0C14E09920446A4
:107CB0000D464FF001080DF12F030CAA0DF12E0116
:107CC000284600F0BDFF002800F03E819DF82E30D0
:107CD0009DF82620023B0D2BEDD801A151F823F091
:107CE0003F7F0008B77C00082F7F0008CD7E00088A
:107CF000C37E0008B77C0008B77C0008237E00081C
:107D0000B37D0008737D0008B77C0008B77C0008CD
:107D1000B77C0008197D000810A9284602F096F8E3
:107D2000D4F89090B9F1000F00F0168100F0CEFF6A
:107D3000159F02460B46149800218C46C0FB067C1A
:107D4000CDE9047C1098119F8C46C0FB067CE2466E
:107D5000BC46DDE91207C0FB0671CDE902CACDE9D8
:107D60000071D4F8941006912046C84784F8A0808A
:107D7000A1E710A9284602F057F800219DF8440019
:107D800000F036FEC0F307270F90394604F10800D3
:107D900000F01CFF00288ED0BDF84010BDF8422036
:107DA00004F0CAFB9DF83C103A462046FFF7F6FD6A
:107DB00081E710A9284602F00FF800219DF8440041
:107DC00000F016FE0D90C0F3072104F1080000F04A
:107DD000E9FE074600283FF46EAF9DF842309DF85B
:107DE0004310BDF8402001EB032189B204F0FEFEF0
:107DF000384604F0BBFE0DF1380AADF8320006E05B
:107E0000236F0F9AD3F804900E991868C8470DF1A4
:107E100032030FAA5146384604F0AAFE0028EFD1DB
:107E200049E79DF825308DF835300DF1380A9DF879
:107E300027308DF8373051469DF82430BDF830702A
:107E40009DF82F908DF8362028468DF8343001F0BB
:107E500023FD50460FA90DF1320200F08DFDD4F83C
:107E600080B00F99BDF832A01091043F09F00E09BF
:107E7000BFB2BBF1000F06D0D4F884300093524655
:107E800000232046D847E26F6AB1606F00210238B4
:107E900002E00131914206D030F8023F5345F8D15B
:107EA000A36F00225A54BDF8321002910F9901912C
:107EB0000D9900914B463A462946204604F01AFF98
:107EC000F9E629462046FFF7A5FEF4E6002A3ED053
:107ED00010A9284601F0DCFE0EA90DAA10A800F09A
:107EE0004BFDD4F880A00E999DF84490BDF83470F5
:107EF0000F91BAF1000F06D0D4F8843000933A46BF
:107F00004B462046D047E26F002A3FF4D4AE606F64
:107F10000021023803E0013191423FF4CCAE30F849
:107F2000023FBB42F7D1A36F03F80190C3E6002ADA
:107F30007FF4C1AE2946204600F064FCBBE629462A
:107F40002046FFF7F5FCB6E617B0BDE8F08F2946EE
:107F5000204600F063FCAEE600F0B8FE149B159AD4
:107F60004F46C3FB06271218129B139847EB0101DB
:107F70004F46C3FB06073B468446DDE91070C7FB4E
:107F800006091CEB000C4F4643EB0703B2EB0C0C4D
:107F900061EB0303DA0F12EB0C0243F1000352080A
:107FA00042EAC3725B10C4F89820C4F89C30DDE646
:107FB00000CA9A3B2DE9F04F0B1E9DB0B8BF6FF081
:107FC00000438046059300F067FE98F848208146FC
:107FD000002A00F0A18000266FF000434FF0FF3B25
:107FE000039330460F460FE0D3E90E2303995A4519
:107FF00006F1010673EB0101F0B201DA9346039337
:1080000098F84830834260D900EB800402210122B5
:1080100000F0C4FCE40004F12005454401463B4661
:108020004A462846099104F077FD08EB040300282E
:10803000DAD09DF824309DF825500493404600F096
:1080400075FC01350DF1500A05EB850508EBC505FA
:108050000023112200900CA95046FFF73BFA0023A1
:1080600005220B21504600F0D1FD6889012104F062
:108070000BFF2B89ADF82A300246049BADF828206F
:108080000AA950468DF82C3001F0BAFE00221146A4
:10809000149B404600F0F4FB5046FFF759FAD8F81D
:1080A000703002460CA9D3E900054444A847D4E93E
:1080B0000E2303995A4506F1010673EB0101F0B254
:1080C0009CDB98F8483083429ED8039A6FF00043B7
:1080D0009A4208BFBBF1FF3F1ED0ABEB09030599E5
:1080E000D8F87020002B08BF01239942A8BF194679
:1080F0009468106889460B4608AA07A9A04768B982
:10810000059BA3EB0903002B05933FF75CAF0446E7
:1081100020461DB0BDE8F08F059BE0E7DDE90712C2
:1081200004460CA8FFF7E8F900250DF11A0306AA8A
:108130000CA940468DF8185000F0B6FB18B920463F
:108140001DB0BDE8F08F29469DF8180000F050FCE6
:10815000C0F30745012DCDE90900BDF81AA0C0F311
:1081600007264BD0022D0FD0002DE8D129462846F6
:1081700000F03EFC0CA9024640460A92FFF792FD31
:1081800020461DB0BDE8F08F314608F108009DF88B
:10819000249000F01BFD074638B30E9A03920CA8FA
:1081A000FFF7DAF903460DF119000090039A5146E2
:1081B000384604F0C7F8C0B19DF8193093B314AD38
:1081C0004FF0020A0AE08DF828908DF829608DF8AA
:1081D0002AA00A9A29464046FFF764FD0422294650
:1081E000384604F02FF90028EDD140463246494682
:1081F000FFF7D4FB20461DB0BDE8F08F314608F1F3
:10820000080000F0D9FC002899D0514604F006F887
:10821000002894D08DF82A500A9A0CA94046FFF7FE
:1082200041FD8CE78DF82A500A9A0CA94046FFF7C9
:1082300039FDC4E72DE9F04106460D4600F02CFD5E
:1082400007463046FFF770FC002D06F10808A8BF6E
:108250002C4607DA0EE0FFF7ADFE00F01DFDC31B54
:10826000EC1A07D4404600F0BBFC034621463046DA
:10827000002BF0D04046BDE8F04100F0B1BC00BF9B
:108280002DE9F843089C06460F4691461D46FFF728
:108290004BFC24B12246FF212846FCF795FBC6E99A
:1082A0001D95F46700F0F8FC013DA9F10209804634
:1082B00039463046FFF77EFE00F0EEFCA0EB0800EA
:1082C000391A44B32846AC46012302E0A3420DD23A
:1082D00001331CF801EFBEF1FF0FF7D1A34239F8CB
:1082E000132013D2002AF3D00029E2DC0023F36725
:1082F0002C4401E0012B12D810F8013F8442F9D13F
:10830000012B8CBF00200120BDE8F8830029EDDDA2
:10831000002ACED1EAE7F4670120BDE8F883002007
:10832000BDE8F8832DE9F04F04469DB0FF20607151
:108330000393002B00F0B6808A4691464FF0000B65
:10834000236F4A46D3E900055146A84700F0A4FC34
:108350004FF47A73054609E000F09EFC401BC0F51F
:108360007A73002B40DD6079FF2845D1226F08A980
:108370009668106809AAB0470028EDD0DDE9081218
:108380000CA8FFF7B9F800260DF11E0307AA0CA9E7
:1083900020468DF81C6000F087FA0028DCD03146BA
:1083A0009DF81C0000F024FBC0F30747BDF81E3009
:1083B0000293012FCDE90A00C0F307265CD0022FFB
:1083C00020D0002FC8D13946384600F011FB0CA947
:1083D00002460B902046FFF765FC00F05DFC401B59
:1083E000C0F57A73002BBEDC039B60790BF1010BA7
:1083F0005B4501D0FF28A3D0FF3818BF01201DB076
:10840000BDE8F08F9DF828300493314604F1080050
:1084100000F0DCFB804648B30E9A05920CA8FFF7EB
:108420009BF803460DF11D000090059A0299404605
:1084300003F088FFD0B19DF81D30002B3AD0049F87
:108440000AE04FF002038DF82C708DF82D608DF846
:108450002E300B9AFFF726FC14A90422404603F0A5
:10846000F1FF034614A92046002BEAD104993246B5
:108470002046FFF793FA6FE7314604F1080000F059
:108480009BFB00283FF468AF029903F0C7FE002869
:108490003FF462AF8DF82E700B9A0CA92046FFF7BF
:1084A00001FC59E7236FD3E90004A04701201DB068
:1084B000BDE8F08F8DF82E700B9A0CA92046FFF7BF
:1084C000F1FBBCE730B58FB004460D4600F02EFA44
:1084D00000231022009002A906A8FEF7FBFF06A9C0
:1084E000204600F073F900221146069B204600F05A
:1084F000C7F906A8FFF72CF82B46024602A920462A
:10850000FFF710FF18B16079B0FA80F040090FB0A2
:1085100030BD00BF2DE9F04F00F1080BABB00446B1
:10852000584600F099FA204600F000FA0023009027
:108530001C220BA912A8FEF7CDFF236F1A8A043A5A
:1085400092B212A9204600F017F91299204600F0C5
:1085500083F912A8FEF7FCFFFF2363710A23DA46B2
:1085600003938346236F5A46D3E900050BA9A84716
:1085700000F092FB4FF47A73054609E000F08CFBA3
:10858000401BC0F57A73002B627938DDFF2A3CD19D
:10859000226F07A99668106808AAB0470028EDD096
:1085A000DDE907121AA8FEF7A7FF00260DF11A034E
:1085B00006AA1AA920468DF8186000F075F900285F
:1085C000DCD031469DF8180000F012FAC0F30746DF
:1085D000012ECDE90900BDF81A90C0F3072753D04A
:1085E000022E18D0002EC9D13146304600F000FAD4
:1085F0001AA902460A902046FFF754FBBEE7039BE8
:10860000013B039301D0FF2AACD0002A51D00020B7
:108610002BB0BDE8F08F9DF82430049339465046C6
:1086200000F0D4FA804648B31C9A05921AA8FEF7C7
:1086300093FF03460DF119000090059A4946404604
:1086400003F080FED0B19DF81930002B38D0049E85
:108650000AE04FF002038DF828608DF829708DF83C
:108660002A300A9AFFF71EFB22A90422404603F093
:10867000E9FE034622A92046002BEAD104993A4696
:108680002046FFF78BF979E73946504600F094FA17
:1086900000283FF473AF494603F0C0FD00283FF4C3
:1086A0006DAF8DF82A600A9A1AA92046FFF7FAFAE8
:1086B00064E7504600F0D0F901202BB0BDE8F08F00
:1086C0008DF82A600A9A1AA92046FFF7EBFABEE74E
:1086D0002DE9F04782B08246104615461E469DF8A9
:1086E00028709DF82C800191C1F3072400F0CEFA88
:1086F0009DF8063005F10409012B81441DD0022BA1
:1087000016D121460AF1080000F04CFA044658B18F
:108710004946324604F052F804462CB14346AAB208
:108720003946304600F072FA204602B0BDE8F087C4
:108730000024204602B0BDE8F08721460AF1080077
:1087400000F028FA04460028EED04946324603F0ED
:1087500065FF0446E1E700BF130E4370C2F3072331
:10876000C2F3074C0170C3700921FF2380F802C0D7
:108770000271C1804371704730B589B00023124D3A
:108780000793ADF81C2001220193C2808DF80420CC
:108790002A680092AA88ADF80620D0F8012002923B
:1087A0000C460278039319468DF80C2020461022BF
:1087B000CDE90433069300F029FA6946204601F01A
:1087C00081F909B030BD00BFB0EB000810B50C4B0B
:1087D00082B0B3F808C0ADF806C00C4602224FF4D0
:1087E0000073C280ADF80430042200230321204628
:1087F00000F00CFA01A9204601F00AFA02B010BDFF
:10880000B0EB000810B588B00446084601A901F095
:108810000FFA9DF80430637108B010BD10B504461E
:1088200084B0084602A901F033FAE388022B01D094
:1088300004B010BD0DF10A00FFF736F89DF80820CE
:108840009DF8093003EB02239BB2022B04BF9DF875
:108850000C30637104B010BD10B508228AB0044614
:108860000DEB0200FEF748FE14F8011B00940023F4
:108870001A4601F0800102A800F0C2FB0AB010BD48
:1088800030B58DB004460D460392194604A808225F
:10889000FEF732FE14F8011B039B00942A4604A83D
:1088A00000F0AEFB0DB030BD2DE9F041074684B0BD
:1088B00008460C4615461E46FEF74EFE082803D80D
:1088C000002004B0BDE8F0810DF10C0833462A46C3
:1088D000CDF8008020460DF10B0100F0AFFB3A7897
:1088E0009DF80B309342EBD11B061CD49DF80C2055
:1088F0007B789A4203D0012080F00100E1E79DF8E7
:108900000D20BB789A4207F10201F4D19DF80E20A8
:1089100011F8013F9A42EED19DF80F204B789A4210
:10892000E9D10020E8E70120CBE700BF90F9003053
:10893000002BACBF08200420704700BF10B5C388CF
:1089400082B04FF6F4740191A3F10A0189B2A142F9
:108950000ED801339CB2C3F30721DBB2C480019867
:1089600011705370911CFEF7B3FF204602B010BD8A
:108970000A2300211C46F1E770B5044602300D467B
:108980001646FEF791FFC0F30F4328806B802278D4
:10899000637803EB0223338070BD00BF012982B0EE
:1089A0001DD002294FF0000C1ED000236CF30703EA
:1089B00060F30F2361F3174362F31F63DAB2002001
:1089C00062F30700C3F3072262F30F20C3F30742E9
:1089D00062F317401B0E63F31F6002B0704700F193
:1089E000010C5FFA8CFCE0E780F0800CDDE700BF53
:1089F00082B030B1030620D4421ED2B24FF0010C37
:108A000001E084460246002360F3070362F30F236C
:108A10006CF3174361F31F63DAB2002062F30700BF
:108A2000C3F3072262F30F20C3F3074262F3174038
:108A30001B0E63F31F6002B0704780F080024FF09E
:108A4000020CE0E70023037480F8403080F84430E3
:108A500080F86030704700BF70B5037C044653B1A6
:108A600006460025304603F0D3FD237C0135AB429A
:108A700006F11006F6D894F8443063B104F14206CA
:108A80000025304603F0C6FB94F844300135AB4274
:108A900006F10206F5D894F8403063B104F11806E7
:108AA0000025304603F060FE94F840300135AB42BB
:108AB00006F12806F5D894F8603063B104F1480651
:108AC0000025304603F01AFC94F860300135AB42C3
:108AD00006F11806F5D870BD10B5047C04F1010C40
:108AE00082B080F810C000EB041003F087FD012273
:108AF0001146204602B0BDE81040FFF74FBF00BF4F
:108B000010B584B084469DF8180000909CF8404051
:108B1000282000FB04C004F1010E18308CF840E05E
:108B200003F0EAFD01220221204604B0BDE8104016
:108B3000FFF734BF10B590F844400346621C04F1BF
:108B4000210082B003EB400083F8442003F05EFB79
:108B500000220121204602B0BDE81040FFF71EBFF1
:108B600010B584B08446069800909CF860401820A8
:108B700000FB04C004F1010E48308CF860E003F003
:108B800091FB00220221204604B0BDE81040FFF70F
:108B900005BF00BF037C8B428CBF00EB011000209F
:108BA000704700BF90F840308B4283BF282303FBFF
:108BB000010018300020704790F844308B4286BF87
:108BC000213100EB41000020704700BF90F8603079
:108BD0008B4283BF182303FB0100483000207047FD
:108BE00090F8403083B170B5064600F118050024B6
:108BF00001E0283538B1284604F026F896F84030D0
:108C00000134A342F5D870BD01207047F8B5044681
:108C10000E46042115461F46FEF788FC012347EA4D
:108C200003023146237520462B4600F027FA2046E2
:108C3000FEF792FCA84234BF00200120F8BD00BF1F
:108C40002DE9F04104460D46042116469846FEF7EC
:108C50006DFC2046FEF780FC03288CBF012700270F
:108C600002D83846BDE8F0813346424620462946C0
:108C700000F018FA98F8003003F0010203F0FE0348
:108C800088F8003022753846BDE8F08110F0030006
:108C900018BFC0F10400704710B584B069460120C8
:108CA000FBF7FAFC9DE815000649A0FB010300193B
:108CB00001FB023141EBE471034A0023F7F7D8FAD4
:108CC00004B010BD00CA9A3B40420F0010B584B0FA
:108CD00069460120FBF7E0FC064A00980299019CD6
:108CE000A0FB0203401802FB043343EBE17104B024
:108CF00010BD00BF00CA9A3B2DE9F0410C468AB076
:108D000091F8C110064604F10800FFF74BFF054635
:108D100003F0A4FF68B9D4E92E312046984718B96A
:108D200001200AB0BDE8F081284603F097FF002833
:108D3000F6D02989EB89287B6A68B2FBF1F8B3FB8E
:108D4000F1F201FB1231C0F57F4089B208FB01F15D
:108D5000FC30A8F10408D4F8C430404487B2DB1BCF
:108D6000C4F8C4302B6804311944424651F8043C1D
:108D7000009302A80023FEF7ADFBD4F8C42002F153
:108D80000803434528D93A4600230D2102A8FFF7DE
:108D90003DFF2989EB89B3FBF1F201FB12339BB252
:108DA0006A68B2FBF1F202FB03F32A6842F803801F
:108DB000E889012104F068F80499039AE881521ABD
:108DC0003046FEF799FB30460F492246FEF768FB16
:108DD00000200AB0BDE8F08192B202230D2102A862
:108DE000FFF714FF2889EB89B3FBF0F100FB113387
:108DF000D4F8C4206968B1FBF0F19BB201FB03F326
:108E000029680832CA50D3E7F98C0008F0B587B05A
:108E1000072702920C9A039100250432CDE90075D0
:108E20001C460646FFF754FC80F00102D2B2A27540
:108E300012B1284607B0F0BD05AA02993046FFF7E7
:108E40007DFD05A90546204600F0A0FFD4E90121DB
:108E5000A669E769521A2046FEF74EFB20463A46BD
:108E60003146FEF71DFB284607B0F0BD2DE9F04F57
:108E700091B0054605910830C1F307211E460492C2
:108E8000FFF790FE9DF81630012B00F0918004460C
:108E9000002800F08D8003F0E1FE002800F08380C0
:108EA0002289E789B7FBF2F902FB19791FFA89F9E0
:108EB0006368B3FBF2F22368039202FB09F909F13C
:108EC00004099944237B59F8048C4345A2F1040B0F
:108ED0007AD3ABF1040AAAEB030A5A4600234946A7
:108EE00008A8CDF80080FEF7F5FA1A9B1FFA8AFA57
:108EF000524603F1080ADA4534BF022300230D214C
:108F000008A8FFF783FE2189B7FBF1F201FB12727B
:108F100092B26368B3FBF1F302FB03F322683846B5
:108F200042F803B0012103F0AFFF039B08F10401F5
:108F3000A3F10802A2EB0802494407463046FEF7B7
:108F4000DBFA1A9BE7811A1DB2F5803F28BF002289
:108F5000002392B207213046FFF758FE049907AA72
:108F60002846FFF7EBFC044618B307A9304600F08B
:108F70000DFFD6E901213046521AFEF7BDFA059BD6
:108F8000C5F8C0301B9BC5F8B8301C9B1B49C5F801
:108F9000C4A03046C5F8BC302A46FEF781FA204608
:108FA00011B0BDE8F08F1C991B9B2846984720B94B
:108FB0000024204611B0BDE8F08F204603F04EFE9D
:108FC00000287FF46DAFF3E73846012103F05CFF22
:108FD0002189B0FBF1F201FB12091FFA89F26368E3
:108FE000B3FBF1F9236802FB09F909F1040999447B
:108FF0000746237B59F8048C6BE700BFF98C000807
:10900000F0B583B01646044601930D46089FFDF760
:10901000C7FA31462046FDF7C3FA019A01212046DE
:10902000FDF76AFB2B0601D503B0F0BD04223946DB
:10903000204603B0BDE8F04002F0EEBEF0B583B0CC
:109040001646044601930D46089FFDF7BFFA3146C8
:109050002046FDF7BBFA019A01212046FDF740FCAE
:1090600095F90030002B01DA03B0F0BD0422394637
:10907000204603B0BDE8F04002F032BF30B583B007
:10908000154604460193FDF78BFA29462046FDF765
:1090900087FA019A0121204603B0BDE83040FDF770
:1090A0002BBB00BF30B583B0154604460193FDF7D6
:1090B0008DFA29462046FDF789FA019A01212046BA
:1090C00003B0BDE83040FDF70BBC00BF2DE9F8430D
:1090D00004220E46054602F09FFE02220746311D7D
:1090E000284602F099FE38400222B11DC7B2284638
:1090F00002F092FE0422074006F10801284602F021
:109100008BFE317B07402846FDF74AFA717B07400A
:109110002846FDF717FA737B07EA00083BB9B18BC5
:109120002846FDF769FA08EA0000BDE8F8833169CE
:109130002846FDF74BFC3369E3B1C0B137464FF029
:10914000000901E0083794B17969284602F084FFEC
:10915000B9690446284602F07FFF336909F1010925
:1091600004409945E4B2EDD308EA0408D7E74FF08C
:109170000008D4E708EA0008D1E700BF2DE9F8436A
:1091800004220C46054602F0ABFE02220746211DD2
:10919000284602F0A5FE38400222A11DC6B228468C
:1091A00002F09EFE0422064004F10801284602F067
:1091B00097FE04F10C0106402846FDF707FA04F17A
:1091C0000D0106EA00072846FDF7D2F9637B074048
:1091D0003BB904F11C012846FDF70EFB3840BDE801
:1091E000F88304F110012846FDF720FD2369012BC7
:1091F00003D90123AB750027EBE70BB30028FAD0A6
:10920000A0464FF0000901E0002EF4D0D8F8141069
:109210004FF40072284602F02FFF4FF4007206460A
:10922000D8F81810284602F027FF236909F1010930
:109230000640994508F10808F6B2E5D33740C8E77B
:109240000740C6E72DE9F84304220F46054602F021
:10925000E3FD02220446391D284602F0DDFD2040D0
:109260000222B91DC4B2284602F0D6FD397A044064
:109270002846FDF767F93B7A00EA040813B940462F
:10928000BDE8F883F9682846FDF7A0FBFB6803B347
:10929000D0B13E464FF0000901E00836A4B1316973
:1092A000284602F0D9FE71690446284602F0D4FE31
:1092B000FB6809F1010904409945E4B2EDD308EADD
:1092C00004084046BDE8F8834FF000084046BDE87A
:1092D000F88308EA0008D2E770B50D46097806461B
:1092E000FDF75EF9044630B12B78022B0CD0032B2E
:1092F00010D0012B08D0022205F50271304602F091
:109300008BFD2040C0B270BD6968304602F0A4FEFB
:109310000446F0E72946304651F8042F043102F0A4
:109320006FFE0446E7E700BF70B50B78013B0C46C3
:1093300005460D2B54D8DFE803F030071B1B070749
:109340000707530C0C0C4E49BDE870400431FFF781
:10935000C3BF0979FDF724F9E8B12379012B01D0C6
:10936000022B3DD1A1682846BDE8704002F074BED2
:109370000979FDF715F9064620B12379022B39D07A
:10938000032B2FD0022204F50371284602F044FD7E
:109390003040C0B270BD002070BD0979FDF700F902
:1093A000064658B12379022B03D0032B28D0012B7A
:1093B00004D1A168284602F04FFE0646B4F90C120B
:1093C0002846FDF729FE3040C0B270BDBDE87040B0
:1093D0000431FFF77BBEBDE870400431FFF732BFB8
:1093E000012070BDA26804F10C01284602F008FEBD
:1093F0000646C7E7A168284602F02EFE0646C1E7EA
:10940000A26804F10C01284602F0FAFD0646D5E7F1
:1094100070B506460D46FDF7D9F8044630B12B78F5
:10942000022B0CD0032B12D0012B08D0022205F501
:109430000271304602F054FD2040C0B270BD696830
:109440004FF40072304602F017FE0446EEE72B1D83
:109450004FF4007205F10801304602F0E3FD0446C6
:10946000E4E700BF70B50D4609780646FDF76AF8D7
:109470002B7804464BB9297A3046FDF763F82B7AEE
:109480000440E4B243B9204670BD6968304602F03A
:10949000E3FD0440E4B2EEE7E968304602F0DCFDAB
:1094A0000440204670BD00BF70B50D4609680646F1
:1094B00002F0D2FD297904463046FDF743F82B79B6
:1094C0000440E4B243B9297B3046FDF73BF82B7BDF
:1094D00004403BB9204670BDA968304602F0BCFD8F
:1094E0000440F0E72969304602F0B6FD0440E4B2DA
:1094F000204670BD2DE9F0410C4609780646FDF77F
:1095000021F8237805466BB994F828103046FDF70A
:1095100019F894F828300540EDB2002B69D128469F
:10952000BDE8F08161683046FDF750FA6368002BB2
:109530006BD0002867D0A168304602F08DFD6368CB
:10954000012B53D900285ED0E168304602F084FD3B
:109550006368022B4AD9002855D02169304602F0B1
:109560007BFD6368032B41D900284CD061693046EC
:1095700002F072FD6368042B38D9002843D0A1693A
:10958000304602F069FD6368052B2FD900283AD0D8
:10959000E169304602F060FD6368062B26D990B37E
:1095A000216A304602F058FD6368072B1ED950B37C
:1095B000616A304602F050FD6368082B16D910B37B
:1095C000A16A304602F048FD6368092B0ED9D0B17C
:1095D00004F12C08092700E0A8B158F8041B304614
:1095E00002F03AFD626801379742F5D30540EDB2CB
:1095F0008AE7E26A04F13001304602F001FD0540DD
:109600002846BDE8F08100257EE72840C5B27BE70B
:1096100070B50D4609780646FCF794FF2B78044692
:109620004BB9297A3046FCF78DFF2B7A0440E4B21F
:1096300043B9204670BD6968304602F00DFD044014
:10964000E4B2EEE705F10C013046FFF753FF0440AA
:10965000204670BD2DE96843884609888146FCF79D
:10966000CBFF98F8021006464846FCF76BFF98F8C7
:1096700002300640F5B2EBB998F806104846FCF700
:1096800061FF98F8063005407BBB98F80C104846FF
:10969000FCF758FF98F80C300540F3B998F814100F
:1096A0004846FCF74FFF98F8143005404BB9284660
:1096B000BDE86883B8F804104846FCF79DFF0540F4
:1096C000DAE7D8F8182008F11C01484602F098FCA7
:1096D0002840C5B22846BDE86883D8F8101048462F
:1096E000FDF774F92840C5B2D8E7D8F80810484605
:1096F000FDF76CF92840C5B2C7E700BFF8B50222F4
:109700000D46064602F088FBA97804463046FCF771
:1097100019FFAB780440E4B20BB92046F8BD05F15F
:1097200008013046FFF796FF95F82C1007463046A3
:10973000FCF708FF95F82C303840C7B213B93C400D
:109740002046F8BDD5E90C233046FDF795FB0740D0
:10975000F5E700BF70B505460E46FCF737FF68B168
:109760003378013B04460D2B09D8DFE803F0410AAA
:1097700023230A0A0A0A081010105C560024204607
:1097800070BD311D2846BDE87040FFF741BE311D58
:109790002846FCF71BFF0028F0D03379012B01D0BD
:1097A000022BECD1B16828464FF40072BDE870403E
:1097B00002F062BC311D2846FCF708FF044670B178
:1097C0003379022B4CD0032B09D106F108034FF457
:1097D000007206F10C01284602F024FC0446022225
:1097E00006F50371284602F07BFB2040C4B2C6E7B1
:1097F000311D2846FCF7EAFE044630B13379022BCE
:1098000036D0032B3CD0012B32D006F5037128460D
:10981000FDF782FC2040C4B2B1E7311D2846BDE807
:109820007040FFF7ABBC0422B118284602F058FB89
:10983000022206F108010446284602F051FB0222EA
:10984000044006F10A01284602F04AFBE4B203464E
:1098500006F10C0128461C40FCF78AFE04408EE706
:10986000B1684FF40072284602F006FC0446B6E7E1
:10987000B1684FF40072284602F0FEFB0446C4E7CC
:1098800006F108034FF4007206F10C01284602F0BD
:10989000C9FB0446B9E700BF70B5022205460E4673
:1098A00002F01EFB02220446B118284602F018FB03
:1098B0002040C0B270BD00BF2DE9F0470D460978C9
:1098C0000746FCF76DFE814638B12B78062B00F079
:1098D00082800D2B16D0052B02D04846BDE8F087BC
:1098E000B5F908103846FDF797FBD5E90423814602
:1098F0003846FDF7C1FA09EA00005FFA80F94846E8
:10990000BDE8F087B5F908103846FDF785FBE96832
:1099100081463846FDF75AF8EB68002BEBD020B3B0
:1099200005F10C08002606EB460A05EBCA0A9AF870
:1099300010103846FCF734FE002853D09AF8103047
:1099400006EB46017400C900032B54D8DFE803F08E
:109950003221100241443846896802F07DFBEA68F2
:109960000136964242D20028DDD14FF00009B4E71B
:10997000083141441022384602F04EFA344405EBD7
:10998000C4030446596A3846FDF720F82040C0B2A7
:10999000E5E7083141440422384602F03DFA3444F8
:1099A00005EBC4030446198B3846FCF725FE20401E
:1099B000C0B2D4E7083141440222384602F02CFA02
:1099C000344405EBC4030446997D3846FCF7E8FDB2
:1099D0002040C0B2C3E7B5F908103846BDE8F047EB
:1099E000FDF71ABBEA680136B242BED809EA00099F
:1099F0005FFA89F971E7EB6801369E420AF1180AAD
:109A000095D36AE72DE9F041022206460F4602F09F
:109A100067FA0222B9180546304602F061FA391D8C
:109A200080463046FCF7D2FD791D04463046FCF7EF
:109A3000CDFD05EA08052C402040C0B2BDE8F0810C
:109A40002DE9F0410E4609780746FCF7A9FD71782B
:109A500004463846FCF7A4FDB17804403846FCF7CC
:109A600071FDB378E4B204404BB9317A3846FCF763
:109A700069FD337A044043B92046BDE8F08171683E
:109A8000384602F0E9FA0440EFE771893846FCF7FE
:109A9000B3FDB18905463846FCF7AEFDF1890540B6
:109AA0003846FCF7A9FD318A80463846FCF7A4FD0C
:109AB000EDB2254008EA050500EA05042046BDE8A8
:109AC000F08100BFFFF702BBF8B5022207460E4641
:109AD00002F0A2F90222B1180546384602F09CF9BC
:109AE000317904463846FCF75BFD70B133792C4080
:109AF000013BE4B20D2B09D8DFE803F04C0A232325
:109B00000A0A0A0A08121212453E00242046F8BD2D
:109B100006F108013846FFF7DFFB04402046F8BD98
:109B2000317A3846FCF73CFD0028EED0337A012B21
:109B300001D0022BEAD1F168384602F08DFA0440D8
:109B4000E4E7317A3846FCF72BFD054658B1337A05
:109B5000022B34D0032B06D1F26806F110013846EF
:109B600002F04EFA0546022206F50471384602F06C
:109B700053F928400440C9E706F108013846FFF7C9
:109B8000A5FA0440C2E706F108013846FFF75AFB80
:109B90000440BBE7317A3846FCF702FD054630B198
:109BA000337A022B11D0032B15D0012B0DD0B6F92F
:109BB00010123846FDF730FA28400440A6E7F16855
:109BC000384602F049FA0546CDE7F168384602F01A
:109BD00043FA0546EBE7F26806F11001384602F059
:109BE0000FFA0546E3E700BF70B5022205460E46B0
:109BF00002F076F90222B1180446284602F070F904
:109C0000311D04402846FDF711F8E4B2204070BD34
:109C100070B5022205460E4602F0FEF80222044606
:109C2000B118284602F0F8F82040C0B270BD00BF5D
:109C30002DE9F04105460E46FCF7C8FC711C0446B0
:109C40002846FCF7C3FC0422B1188046284602F0DF
:109C500047F906F1080107460222284602F040F9BA
:109C600004EA0803DBB203EA07040222074606F10E
:109C70000A01284602F034F906F10C010346284691
:109C80001D46FCF775FC3C4025402840BDE8F081AE
:109C90002DE9F041022206460F4602F021F9022288
:109CA000B9180546304602F01BF9391D804630468A
:109CB000FCF78CFC791D04463046FCF787FC05EA6E
:109CC00008052C402040C0B2BDE8F0812DE9F041EC
:109CD00002220C46054602F09FF80222A118804697
:109CE000284602F099F8217907462846FCF758FCE7
:109CF000617906462846FCF753FC08EA070806EA9D
:109D000008060640217A2846FCF71CFC237AF7B2A5
:109D100006466BB994F81C122846FCF713FC94F81D
:109D20001C323040C6B283B906EA0700BDE8F081B4
:109D3000217B2846FCF734FC88B104F10C0128464D
:109D4000FFF7F2FA3040C6B2E4E704F5087128469E
:109D5000FFF7B2FD064006EA0700BDE8F0810646BF
:109D6000D8E700BF70B5022205460E4602F054F84F
:109D70000222B1180446284602F04EF8311D044074
:109D80002846FFF75DFEE4B2204070BD70B50222A8
:109D900005460E4602F040F802220446B118284655
:109DA00002F03AF82040C0B270BD00BF70B50C465A
:109DB0000E4634F8021B0546FCF71EFC0222214623
:109DC0000446284602F028F8317904402846FCF77A
:109DD000E7FBE4B2204070BD70B505460E46FCF7C7
:109DE0000BFD0222B1180446284602F079F8311D15
:109DF00004402846FCF7EAFBE4B2204070BD00BFF7
:109E000070B50D4609880646FCF7F6FB69880446DE
:109E10003046FCF7F1FB297904403046FCF7C0FBE3
:109E2000E4B2204070BD00BF70B505460E46FCF799
:109E3000E3FCB11C04462846FCF7DEFC311D04405F
:109E40002846FCF7C3FBE4B2204070BD2DE9F04189
:109E500005460E46FDF76CFA311D07462846FCF70D
:109E6000E5FE06F1080180462846FDF761FA06F195
:109E70000C0104462846FCF7D9FE07EA08073C40D7
:109E800006F1100104402846FDF752FA06F11401CC
:109E900007462846FCF7CAFEE4B23C402040BDE835
:109EA000F08100BF2DE9F0410C2204460D4602F07E
:109EB00017F8032205F10C010746204602F010F8BE
:109EC00005F10F0180462046FCF780FB05F11001EB
:109ED00006462046FDF72CFA05F1140103462046FC
:109EE00007EA08071C46FCF7A1FE3E40344020402C
:109EF000C0B2BDE8F08100BF0B280DDC002809DBF3
:109F00000B2807D8DFE800F0070606070606060656
:109F10000606070701207047CB2818BF01207047AD
:109F2000034A034692E8030083E80300184670479B
:109F300070F3000818B14068003818BF012070475E
:109F40002DE9F8430646006800237360002849D0D5
:109F50004769D0F80480D0F8109037B1143000F081
:109F6000A5F90746002844D13068036B43B1283077
:109F700001F038FC18B1002F3ED0FBF7E5FD30684A
:109F8000036ADBB1D0E9062C012A7CF1000111DB68
:109F90000024254653F824004946B8B1C047336829
:109FA000D3E9062C013445F10005944275EB0C0110
:109FB0001B6AEFDB18464946C04730684946C04730
:109FC0000023C6E900333846BDE8F883013445F183
:109FD0000005944275EB0C01DCDB18464946C0478E
:109FE0003068EBE707460023C6E900333846BDE892
:109FF000F883FBF7A9FDB7E7FFF77EFF0746BCE74D
:10A000002DE9F047051E9CB00E4690461F4640F3D2
:10A010009980002900F09980A1F1040E4FF0000C06
:10A020005EF8044F0CF1010C002C00F08E806545A9
:10A03000F6D1B8F1000F00F08880D8F80040002C6D
:10A0400000F083800FCC0DF15C0CACE80F002368AE
:10A05000CCF8003017A8FBF751FD002875D0002F71
:10A0600073D03B68002B75D1DDE91A3278210120CD
:10A07000984704463860002800F0A08002A800F04D
:10A08000CBFF02A904F12800502217ACFAF7D1FC4B
:10A090000FCCD7F800E0F446ACE80F002368CCF80A
:10A0A00000300EF11401404600F02AF90446002861
:10A0B00044D1D7F800904FEAE578C9F82000C9F8F4
:10A0C0001850C9F81C80002D4BD0002E49D0DDE976
:10A0D0001A32042128469847C9F82000D7F8009082
:10A0E000D9F82030CA4643B3012D78F1000338DB9C
:10A0F0000024043EA1460BE03168FAF79AFC0134D3
:10A1000049F10009C84508BFA54228D0D7F800A0EA
:10A1100056F8040FF6F720F9421C179B1B99DAF842
:10A1200020A00192104698473B684AF824001B6A19
:10A13000019A53F824000028DED10A243846FFF79C
:10A14000FFFE03E000293FF474AF0B2420461CB04F
:10A15000BDE8F087642420461CB0BDE8F087D7F83E
:10A1600000901D490B68013323D00B601A46002470
:10A17000D9F814007B60436A82610133C4611FD047
:10A1800090F830304BB9303000F026F90446002802
:10A19000D4D1D7F80090D9F8140009F1280118306B
:10A1A00001F0EAF904460028D0D0FFF7A5FE0446E6
:10A1B000C4E701221C460A601346D9E70A24C5E712
:10A1C000243003F013FB04460028B7D1D7F80090E1
:10A1D000D9F81400D4E700BF840A0120002070479A
:10A1E00084B0F0B597B01DAE86E80E00002858D0B8
:10A1F0000368054633B16424204617B0BDE8F0403B
:10A2000004B070473046FBF779FC002849D0B446CB
:10A21000BCE80F0011AC0FC4DCF8003023602199BA
:10A220001D9B502098470446286000283BD00DF124
:10A23000440C8646BCE80F00AEE80F00DCF80030A6
:10A24000CEF8003002A800F0F7FE0DF1080EBEE8CF
:10A250000F0004F1180C2F68ACE80F00BEE80F00E7
:10A26000ACE80F00BEE80F00ACE80F009EE803006A
:10A2700020AC8CE8030094E803008DE8030096E826
:10A280000E0007F1180001F055F804460028B3D07D
:10A2900021991E9B286898472046FFF72DFE04460B
:10A2A000AAE70B24A8E70A24A6E700BF30B587B0C9
:10A2B000F0B103680446DBB19C46BCE80F000DF129
:10A2C000040EAEE80F00DCF80030CEF8003001A834
:10A2D000FBF714FC60B12068183001F001F9054665
:10A2E00050B92068029B05999847284607B030BDB1
:10A2F0000B25284607B030BDFFF7FEFD0546F8E701
:10A300002DE9F04194B0002858D004460068002898
:10A3100054D00E46FBF7F2FB00284FD0002E4DD054
:10A32000336823B16424204614B0BDE8F081276867
:10A33000BC46BCE80F000FAD0FC5DCF80030D7F805
:10A3400000802B6019465020C04705463060D0B3CE
:10A350000DF13C0C8646BCE80F00AEE80F00DCF8BF
:10A360000030CEF80030684600F066FEEE46BEE8EB
:10A370000F0005F1180C24683568ACE80F00BEE842
:10A380000F00ACE80F00BEE80F00ACE80F009EE83D
:10A3900003008CE8030004F1180005F1180101F036
:10A3A0002BF804460028BED0FBF7B6FBFBF7CCFB2E
:10A3B0003046FFF77BFF40B10446B4E70B2420464C
:10A3C00014B0BDE8F0810A24ADE7204614B0BDE822
:10A3D000F041FFF791BD00BF10B582B0002301939B
:10A3E000B8B1044601A90C4800F02AFB10B10120C5
:10A3F00002B010BD019B13B11A78312A04D0022398
:10A400000020237002B010BD5B78002BF7D1012330
:10A41000F6E70B2002B010BDA0ED0008034A03468A
:10A4200092E8030083E803001846704778F30008B9
:10A430002DE9F04FA9B00446DDF8C88023A80E46E8
:10A4400015461F4603F0FAFBB8F1000F00F0E68056
:10A450004046FBF753FB002800F0E080002E00F0A0
:10A46000DD80002D00F0DA80002C00F0D780D4F8D9
:10A470000490B9F1000F40F0FD80002F00F0CE8075
:10A480003846FFF757FD8246002800F0CD804A4647
:10A4900022A93046CDF8889000F0C4FE81460028FD
:10A4A00040F0BE802298002840F0F0802846F5F762
:10A4B00053FF002840F0BB807C4D22A90022284693
:10A4C00000F092FE8146002840F0AA808246229841
:10A4D000002840F0E080D8F80030D8F8101078203C
:10A4E000984781466060002800F0CA80002200235F
:10A4F000C9E91A23C9E91C2308A800F007F908A92B
:10A5000048466822FAF795FA61682760404600F0ED
:10A510000BF9002858D12846F5F71EFF284410F8FB
:10A52000013CCDE903562F2BD8F8103000930CBF17
:10A530005F4B604B02934FF40063019398E80F0068
:10A54000D4F8049000F094FA2368C9F874001868ED
:10A55000314628302A46666801F062FA6368B066C0
:10A56000986E002832D001F0EFFA814660B3D8F837
:10A570000030D8F810106668082098476368F066C5
:10A58000D3F86CB0BBF1000F20D006A803F0C6FAD8
:10A5900006A803C86368C446D3F86CE08BE80300E0
:10A5A000BCE80F0023AE0FC6DCF80030336028ABE8
:10A5B00013E90F008DE80F004946239B3A46704689
:10A5C00003F0B6FA814628B36368F3B1586F28B137
:10A5D000D8F80430D8F8101098476368986E10B116
:10A5E00001F036FA6368D86E48B103F001FB636886
:10A5F000D8F81010D86ED8F8043098476368D8F8A7
:10A6000010101846D8F8043098470023C4E90033E6
:10A610004FF00109BAF1000F25D101E04FF00B090D
:10A62000484629B0BDE8F08F4FF06509F8E72B7870
:10A630002F2B3FF442AF0395D8F8103000931E4BF8
:10A6400002934FF40063019398E80F0000F010FAB2
:10A65000054640B3002222A9229200F0C5FD8146A2
:10A6600000283FF434AFD8F80430D8F8101028464A
:10A670009847D5E74FF06409484629B0BDE8F08F08
:10A680004FF00A09BAF1000FEDD1C9E700F01CFE46
:10A690004FF0C909C4E700F0B9FD4FF0CA09BAF19B
:10A6A000000FE0D1BCE74FF00A09B9E7B8ED0008A8
:10A6B00088EC0008C0ED0008BCED000830B143682C
:10A6C00023B19B6E13B10068FFF734BC00207047C4
:10A6D00020B1406810B1806E00B18068704700BF43
:10A6E00020B1406810B1806E00B1C068704700BFF3
:10A6F00028B1406818B1836E002B08BF0020704756
:10A7000010B1406800B1806E704700BF10B568227C
:10A7100004460021FAF758F92046FBF7E1F9012336
:10A720002375204610BD00BFD0B170B50C46A9B14D
:10A730008842844612D00546868A8E460FCDAEE802
:10A740000F002B68CEF800300CF118015022A682C1
:10A7500004F11800FAF76DF9002070BD0B2070BDF0
:10A760000B20704782B02DE9F04F91B01AAC84E80D
:10A770000C009DF87C8000283BD00C460546FFF776
:10A78000B7FF002837D02846FFF7A2FF0646284625
:10A79000FFF7A6FF0DF1680E8146BEE80F000BAD76
:10A7A000AC46ACE80F00DEF80030CCF80030219B5E
:10A7B000FBB18A46DDF878B000F0B2FA10AB089031
:10A7C00013E907008DE80700002195E80C0008A8B0
:10A7D00000F01EFB074680B1FBF79EF9FBF7B4F9CA
:10A7E0000A2F18BF0127384611B0BDE8F04F02B05C
:10A7F00070470B27F7E70127F5E70990079008A8AE
:10A8000003F086F90746A8B10A28079C00D0012763
:10A8100008A800F03DFB00283DD109985946D047D3
:10A8200059462046D047B8F1000FDCD0672F08BF4B
:10A830006827D8E709AB05930FCDEC46ACE80F00CD
:10A840002B68CCF800304A463146204608AB03F06E
:10A8500001F80746B8B9099C099002460AA92046A2
:10A8600000F0FEFB88B90A9DD5B9219B08A81C60A1
:10A8700000F00EFB0746A8B1FBF74EF92C46FBF79C
:10A8800063F90127C9E7079CC2E7FBF745F90127F0
:10A89000FBF75AF9BCE7FBF73FF9FBF755F9BCE7C3
:10A8A0006727B5E709985946D04759463846D047F3
:10A8B00099E700BF084600F05FBB00BF084600F004
:10A8C00083BB00BF037A10B50C4633B1052100F0FD
:10A8D00081F8C4E90001002010BDBDE81040084621
:10A8E00000F04ABBF8B50546104614460E46FBF785
:10A8F00005F928B1032D03D8DFE805F01D2E530616
:10A900004FF00B0C6046F8BD002EF9D0002CF7D0AC
:10A910000023C6E90133DFF8B4E0336106F1140522
:10A920009C4603270FCC0FC523682B603770C6F8F1
:10A930000CE06046F8BD002EE2D000233370C6E97B
:10A940000133C6E903339C460FCC06F114050FC54D
:10A9500023682B606046F8BD002ED1D0002CCFD0EC
:10A9600000273770A446BCE80F0006F11405C6E9BD
:10A970000177C6E903770FC5DCF800302B60216949
:10A980002368102098473061D0B100220023C0E92D
:10A990000023012307720C4A3370BC46F260604604
:10A9A000F8BD002EACD0002CAAD00023C6E901339C
:10A9B000DFF81CE0336106F114059C460227B1E77D
:10A9C0004FF00A0C9EE700BFC5A80008BDA800080C
:10A9D000B5A8000880EA104181F03D01154A164BE8
:10A9E00001EBC10181EA111102FB01F181EAD131D0
:10A9F000A3FB01231B0903EB4302C3EBC203D0B447
:10AA00000E4CC91A62184FF0010CD2E84F3FC2E851
:10AA100046CF002EF9D1BFF35B8FDBB2002BF4D110
:10AA2000D0E90067BFF35B8F635430463946D0BC32
:10AA3000704700BF2DEBD427C94216B2880A012007
:10AA400068B110B50C4629B103F0D2FC20B12060EA
:10AA5000002010BD034810BD034B236010BD034808
:10AA6000704700BFE4ED000808EF0008C8ED0008DB
:10AA70000FB4F0B583B008AC0E9E84E80F004EB35F
:10AA800008A8FBF73BF828B300210FAB3246084675
:10AA9000CDE9003300F0F4F8431C05461AD00D9BB5
:10AAA0000C99471C9F4284BF1F4603F1FF3538466F
:10AAB000089B9847044668B1019B3246394600F02E
:10AAC000DFF8002802DB0023635504E0099B0C99A2
:10AAD000204698470024204603B0BDE8F04004B06B
:10AAE000704700BF2DE9F04F2DED028B87B08046F7
:10AAF0000846CDF8048008EE102A8A469946F5F7F4
:10AB00002BFC002647460290B3461025B0461DE0B8
:10AB10000BF1010B5E4511D22E44D9F80830D9F85B
:10AB20001020B1009847002800F0888005EB45050B
:10AB3000B5F5801F804628BF4FF48015019A08EBB9
:10AB40008B03A21A43F8042C029BE718514638469F
:10AB500003F023FE04464046002CD9D1B8460746F0
:10AB60004046F5F7F9FB019BA8EB03031C1804947E
:10AB7000BBF1000F4AD018EE100AF5F7EDFB029B6F
:10AB8000D9F81010C31A0BFB03431A460593064667
:10AB9000D9F80030501C9847039000284FD0DDF8BA
:10ABA00004803A684146F9F744FF3D68039B0197EA
:10ABB000BA461D44029FCDF808900124D14618EEF4
:10ABC00010AA0AE0D9F80050AA1A8518F9F731FF3F
:10ABD000A34504F1010235D91446324651462846B0
:10ABE000F9F727FF59F8042BA3453A4405EB060073
:10ABF00008EB0201E6D1049B9A1ADDE90179F9F725
:10AC000018FF039A0599002353540BE02046D9F806
:10AC10000030D9F8101001309847039010B1019915
:10AC200003F0D1FD3846D9F80430D9F81010984710
:10AC3000039807B0BDEC028BBDE8F08F47460023B8
:10AC40000393EFE7DDE90179DBE700BF0CB430B532
:10AC500083B006AB53F8042B019352B138B141B124
:10AC600003F0F6FC03B0BDE8304002B070470029A5
:10AC7000F6D0F9F7B1FE162303604FF0FF30F1E78D
:10AC800070B53AB120B129B1BDE8704003F0E0BC25
:10AC90000029F9D0F9F7A0FE162303604FF0FF302A
:10ACA00070BD00BF84B070B582B007AC84E80E0000
:10ACB0000546B0B1F5F750FB421C079B0B9901927A
:10ACC000064610469847044628B1019A2946F9F7E6
:10ACD000B0FE0023A355204602B0BDE8704004B08A
:10ACE00070470446F7E700BF82B0F8B506AC84E8C9
:10ACF0000C00054688B14F1C0E4638460A9990470D
:10AD0000044628B13A462946F9F793FE0023A35595
:10AD10002046BDE8F84002B070470446F8E700BF9F
:10AD2000014B002018607047A00A012000285FD066
:10AD30002DE9F0410C46016882B0054629B1CB6887
:10AD4000A34206D91C460029F9D11F2002B0BDE854
:10AD5000F0818B68A34247D00E6A002C34D0B4F146
:10AD6000804F43D2A700D1F8188008683246394690
:10AD7000C04700283AD02B683246186039465868D8
:10AD8000C047002832D02D68AB686860A34226D245
:10AD90002A6800EB070C02EB830EE6454FEA8301BD
:10ADA00000EB830603D202EB070C664522D3E31ABD
:10ADB0009A00704600210192F9F706FE019A0021DF
:10ADC0003046F9F701FE0AE04F6908683146B84796
:10ADD0002B68314658681C60B8472D686C600020AD
:10ADE000AC6002B0BDE8F0810020AFE70A20ADE71B
:10ADF0000B2070470B1F18441344043A17440022D9
:10AE000043F8042FBB4240F8042FF9D1E7E700BF15
:10AE100082B070B504AC84E80C0080B306680446C8
:10AE20002EB11E252846BDE8704002B0704704A828
:10AE30000D46FAF763FE10B3049B08992420984747
:10AE4000206010B30DF1100EC0E90066C0E9026683
:10AE500000F1100CBEE80F00ACE80F00DEF8003087
:10AE6000CCF8003029462046FFF760FF0546002851
:10AE7000D8D0059B0899206898472660D2E70B2513
:10AE80002846BDE8704002B070470A25CAE700BFF7
:10AE90002DE9F04182B000283AD004680646002C23
:10AEA00032D0A3682BB3002522682F4652F8250024
:10AEB000E0B1216AD4F814800191C047D4E900239D
:10AEC00042F82570019953F82500C047E36862688D
:10AED000013B42F82570E3603468A36801359D4268
:10AEE00007D2226852F825000028E2D101359D42A0
:10AEF000DCD300213046FFF719FF044620B9306843
:10AF00004369016A98473460204602B0BDE8F08189
:10AF10000B24204602B0BDE8F08100BF2DE9F84FB8
:10AF200000B30768FFB18846E1B1D7F808A03E68D2
:10AF3000BAF1000F16D09146043E002456F8045F83
:10AF40004FEA840B2846013455B1F5F705FA484518
:10AF50000246294638BF4A46404603F00CFC28B159
:10AF6000A245EBD100273846BDE8F88F7B6853F83F
:10AF70000B703846BDE8F88F08B370B584B004464E
:10AF800069460120F9F788FBDDE90035002D13DB68
:10AF9000029900290DDB0B4EA3FB06325B1806FB62
:10AFA00005224FF0000042EBE172C4E9003204B028
:10AFB00070BD53EA0502EED1022004B070BD0B2033
:10AFC000704700BF00CA9A3B08B370B584B004460E
:10AFD00069460020F9F760FBDDE90035002D13DB41
:10AFE000029900290DDB0B4EA3FB06325B1806FB12
:10AFF00005224FF0000042EBE172C4E9003204B0D8
:10B0000070BD53EA0502EED1022004B070BD0B20E2
:10B01000704700BF00CA9A3B10B50446103000F0DC
:10B020000BF8002300200021C4E90001C4E9123319
:10B03000A360204610BD00BF10B538220446002191
:10B04000F9F7C2FC04F1100000F006F84FF0FF33EE
:10B05000E360204610BD00BF0022027042607047CE
:10B06000002857D02DE9F0410D46002954D016464E
:10B070000446F5F771F948B123782F2B0DD0022340
:10B080002B603EB100203060BDE8F08101232B60D1
:10B09000002EF7D10020BDE8F081431EE25C2F2A8C
:10B0A0003CD0631E03EB0008C4F1010E0EEB030756
:10B0B00013F8011F21F02002413A192AA1F12F0CA7
:10B0C0000BD95F2909D0BCF10A0F06D904232B60E4
:10B0D000002EDFD037600020D6E74345E6D11A4F77
:10B0E000012304E0984204F101041CD9134698425C
:10B0F00003F10102F6D021782F29F3D161782F29AD
:10B100001CD0C95D4907EDD506222A60002EC1D0AA
:10B110003360BFE70B2070470B20B5E703222A609E
:10B12000002EF5D1B6E7F72802D800202860ABE75B
:10B1300007232B60002EADD0F623E9E705222A6015
:10B14000002EE5D1A6E700BFC1F5000840B370B5F9
:10B150001446C2B032B301290D461E4602D103780F
:10B160002F2B12D001AA6946FFF77AFF78B9009B0E
:10B170004BB1072B07D05A1E052A2BD8DFE802F067
:10B180002724211E1B14F52D03D80020206042B077
:10B1900070BD07232360002EF9D0F4233360F6E757
:10B1A0000B2070470B20F2E706232360002EEED021
:10B1B000019B3360EBE705232360F7E7042323605B
:10B1C000F4E703232360F1E702232360EEE7012382
:10B1D0002360EBE7034A4FF4807102A8FFF736FDC6
:10B1E0000120D4E700EE000868B170B50D461646A0
:10B1F0000446F5F7B1F8334601462A462046BDE835
:10B200007040FFF7A3BF0B20704700BF07289ABF0D
:10B21000024B53F820000248704700BF80F300083B
:10B2200050EE000800283BD02DE9F0410D460029E2
:10B2300038D016460446F5F78FF8E0B1631E03EBED
:10B240000008C4F10101CF1813F801EFAEF130028C
:10B250002EF0200C092AACF1410C14D9BCF1190FC5
:10B2600011D9BEF15F0F0ED002232B6006B13760FB
:10B270000020BDE8F08101232B60002EF8D00020D3
:10B280003060BDE8F0814345DDD122780D4BD35CC1
:10B2900013F0040310D1FF2806D82B601846E8E706
:10B2A0000B2070470B20E4E704222A60002EDFD039
:10B2B000FE2232601846DCE703232B60002EDED12D
:10B2C000D6E700BFC1F5000804289ABF024B53F827
:10B2D00020000248704700BFA0F30008F8EF000804
:10B2E0000346406858B142685A600AB100211160B3
:10B2F0001A68426002B11060002202601860704754
:10B300000B680BB14A685A604A6802B1136003685F
:10B310008B42436808BF02604B6003B11960002391
:10B320000B604160704700BF014B1868704700BF59
:10B33000B4F3000884B0F0B583B009AD85E80E0021
:10B3400030B104462846FAF7D9FB08B1A6682EB1F9
:10B350000B2003B0BDE8F04004B07047002200238A
:10B36000C4E90023204B1B68A3600FCD04F1200C1F
:10B37000ACE80F006F462B68CCF800303846E66129
:10B38000E660FFF769FE97E8030004F1100383E825
:10B3900003000322154816492676FAF7AFFE134834
:10B3A000FFF79EFFF0B1134A83685168107863631A
:10B3B00018745961D168D96111691962516992682B
:10B3C0009A615962FDF782FC03F0A0F803F0CCF813
:10B3D000636B98620028F9D0002003B0BDE8F0400C
:10B3E00004B070470120B4E7B4F30008F409012069
:10B3F00090C200201CC1002070B588B060B10D461D
:10B4000051B10446806828B1334B1968F4F79AFFAC
:10B41000002854D1AB681BB10B24204608B070BD86
:10B4200023462A4604F13006D3F800C058689968CC
:10B43000D3F80CE0C2F80CE01033B342C2F800C0FD
:10B440005060916002F11002EED119685B685360A0
:10B45000116004F1200EBEE80F000DF10C0C6646E1
:10B46000ACE80F00DEF80030CCF800303046FAF7D8
:10B4700045FB0028D0D008AB13E903008DE803009A
:10B4800096E80E00E069FFF70DFCE861E36903B19F
:10B49000F8B11248FFF724FFA8B183686B63626BB1
:10B4A00002F1100C03F11005BCE80F000FC59CE879
:10B4B0000700002485E80700204608B070BD0C2472
:10B4C000204608B070BD049B0799E869984701249D
:10B4D000A3E70A24A1E700BFB4F30008F4090120A0
:10B4E000002841D010B504468EB02030FAF706FB94
:10B4F00080B3A06820B11E4B1968F4F723FF88BB06
:10B500001C4B196851B3626B01E0496831B38B6819
:10B510009A42FAD11748FFF7F3FE216B636AE0699C
:10B5200098476846FFF788FDEE46BEE80F00A44640
:10B53000ACE80F00BEE80F00ACE80F00BEE80F005B
:10B54000ACE80F009EE803008CE8030000231846D7
:10B550000EB010BD0B2318460EB010BD01231846C7
:10B560000EB010BD0C23F2E70B231846704700BF46
:10B57000B4F30008F40901202DE9F04383B000285A
:10B5800000F0D3800E46002900F0CF80436B0546C3
:10B59000002B00F0CA80784B80681F6828B13946BC
:10B5A000F4F7D0FE002840F0CA80D5E90023734CA0
:10B5B00073497448B760C6E90023EB68B36401229D
:10B5C000FAF73CFD204670490422FAF777FD4FF068
:10B5D00000086C4884F80D80FFF782FE002800F018
:10B5E000A9808468686B416A90F810C0D0E906238E
:10B5F0000191006A009004F110096146484600F08C
:10B60000BFFD04F580534FF47A72C4E9E32204F5D8
:10B610005E72C4E9E1225D49C3F89485C3F8988558
:10B62000C3F89C85C3F8A0855948C4E9DA7801229B
:10B63000F464FAF7E3FC574957480522FAF7BEFCD1
:10B64000564957480A22FAF799FC564956480122AA
:10B65000FAF754FC554956480122FAF76FFC554950
:10B6600055480F22FAF70AFD544955480322FAF7C4
:10B6700045FD544954480422FAF760FD53495448A3
:10B680000422FAF77BFD696BF06C424600F006FB82
:10B690000746002858D16B6B04F528759A6A04F5A3
:10B6A00022712846FCF7B0F94A4922462846FCF7A1
:10B6B000CFF949493A462846FCF7C6F947493A4680
:10B6C0002846FCF7C9F946493A462846FCF7C8F926
:10B6D000B4F898220423920004F565712846FCF71B
:10B6E000FDF9B4F89822C4F874039200042304F618
:10B6F00094312846FCF7CAF9C4F878032846FCF7C9
:10B70000E7F904F59C51C4F88003B4F89822143189
:10B710002846FCF7A9F9C4F87C032846FCF7FAFE92
:10B72000F8B1384603B0BDE8F0830B27384603B0C4
:10B73000BDE8F0830127384603B0BDE8F0830C274D
:10B74000384603B0BDE8F083484600F05BFD0D4885
:10B750002146FFF7D5FD3846C6F84C8003B0BDE85A
:10B76000F083484600F04EFD06482146FFF7C8FD2D
:10B77000F7640127D5E700BFB4F30008440A0120AD
:10B78000F0CC0020340A012098E2002014C30020ED
:10B79000040A012098030120540A0120B8C30020A4
:10B7A000140A012028CC0020240A012048C10020CE
:10B7B00038C10020D0070120640A012090C2002077
:10B7C000F409012074090120740A012010C200202C
:10B7D000E409012021DE000819DE0008B9DE0008B6
:10B7E00055DF0008174BC16C70B51C68054634B3B3
:10B7F0000026D4E9014002698A4218D0002CF8D111
:10B8000089B1D1F888339B78012B01F5287014BFDA
:10B810000A210021FCF756FEE86CFAF7CFFCE86C31
:10B82000103000F0EFFC0023EB64304670BD1830A0
:10B8300000F00EF9E96C0646002CDAD1E0E7264666
:10B84000DEE700BF040A01202DE9F041054684B07F
:10B8500022480F461646FFF743FD0446002839D01C
:10B860002B698468DFF87C8003F58053C4E90565A3
:10B87000B3F89605421C0221A3F89625FCF706F8BA
:10B880003C22206141463846FAF7D0FDF0B1144F12
:10B89000304664223946FAF799FDB8B12869062383
:10B8A000D0F88423CDF80080CDE9017300F528702D
:10B8B00011686B692269FBF70DFF02462869D0F811
:10B8C0008C33D0F88413FAF74BFD18B92046FAF7F9
:10B8D000EBFC0024204604B0BDE8F081640A01209E
:10B8E000E00A0120A40A012038B58569D5B10446D3
:10B8F00028692269D0F8883300F528701968FBF7A9
:10B900006BFE02462869D0F89033D0F88813FAF716
:10B9100027FD0028204614BF00240224FAF7C4FCA7
:10B92000204638BD0124204638BD00BF2DE9F04334
:10B9300083B0002B5FD0064635480F4690461D4623
:10B94000FFF7CEFC002856D08468EB6C2361FFF72C
:10B95000EBFC04F12C09C4E90604C4F8209030463D
:10B96000F4F7FAFC421C3C2A04F1180540D848467A
:10B97000314604F16809F9F75CF8C4F824903846B8
:10B98000F4F7EAFC421C3C2A32D839464846F9F71B
:10B9900050F8236903F580530121B3F89405421848
:10B9A000A3F89425FBF772FF60613B782F2B27D11A
:10B9B0007B782BBB174A184833463C2102F070FDB8
:10B9C00020691549D0F8842300910621019111685E
:10B9D00062691FFA88F300F52870FBF749FE0246FA
:10B9E0002069D0F88C33D0F88413FAF7B9FC18B971
:10B9F0002846FAF7E9FB0025284603B0BDE8F083A6
:10BA0000064A00963B463C21034802F049FDD7E731
:10BA1000040A01207CEC0008440B0120C0ED000862
:10BA200099B10B788C4683B110B414464AB113789F
:10BA30003BB1826C0346214660465DF8044BFFF73C
:10BA400075BF00205DF8044B70470020704700BFB1
:10BA5000F8B528B30746006820B1364B1968F4F7EB
:10BA600071FCE8B97D68DDB1334B1C68002C5FD0F8
:10BA70000026D4E90141D1F880309D4213D0002C3A
:10BA8000F7D12E4B1C68C4B1D4E901410B6A9D4229
:10BA9000F9D17C31384600F0A1F801280646F2D1F0
:10BAA00001263046F8BD84313846FAF7D5F9012829
:10BAB0000646F5D0002CDCD1E3E7214B1C686CB1C5
:10BAC000D4E901418B6F9D42F9D17C31384600F0B9
:10BAD00041F801280646E3D0002CF1D1194B1C682F
:10BAE0006CB1D4E901418B6F9D42F9D17C3138466C
:10BAF00002F07AFA01280646D2D0002CF1D128694A
:10BB00006A69D0F8883300F528701968FBF764FD7E
:10BB100002462869D0F89033D0F88813FAF720FC51
:10BB2000002808BF02263846FAF74EFB3046F8BD1B
:10BB30002646A6E7B4F30008140A0120540A01209F
:10BB4000240A012038C100204368186900F55A70A2
:10BB5000704700BF70B528B1044600680D46FAF77B
:10BB60007FFC10B90124204670BD6368002BF9D01A
:10BB7000002DF7D02868FAF773FC0028F2D06E6821
:10BB8000002EEFD0646832692069D0F8883300F560
:10BB90002870196801F082F802462069D0F89033C5
:10BBA000D0F88813FAF7DCFB20693269D0F88833C3
:10BBB00000F528701968FBF70FFD02462069D0F8E0
:10BBC0009033D0F88813FAF7CBFB0028284614BF2F
:10BBD00000240224FAF73CFBC5E700BFF8B528B102
:10BBE000044600680D46FAF73BFC10B901242046D4
:10BBF000F8BD6368002BF9D0002DF7D02868FAF75C
:10BC00002FFC0028F2D06C68002CEFD0266A626905
:10BC10003069D0F8883300F52870196801F03EF8D3
:10BC200002463069D0F89033D0F88813FAF798FBC1
:10BC3000E069FFF759FE236A62691869D0F8883312
:10BC400000F528701968FBF7C7FC236A22691B6995
:10BC5000D3F888130446096803F52870FBF7BCFC89
:10BC600037692246D7F89033D7F888130446384608
:10BC7000FAF776FB36692246D6F89033D6F8881361
:10BC800004463046FAF76CFB2CB120B1002428465C
:10BC9000FAF7C8FAABE70224F9E700BF08B508B124
:10BCA00000F1100239B14969104600F077FA80F0CE
:10BCB0000100C0B208BD044B1046596800F06EFA8E
:10BCC00080F00100C0B208BD1CC10020054B1B68FC
:10BCD00023B1986800F52870FBF71CBF00200021F5
:10BCE000704700BF340A01202DE9F0410568044681
:10BCF00028460E46F4F726FBC8B1114B1B689D423F
:10BD000012D1D4F80480D8F800406CB1D8F80850AB
:10BD10000027043D55F8040F3146F4F713FBBB0030
:10BD200040B10137BC42F5D10020BDE8F08120468A
:10BD3000BDE8F081D8F81020BDE8F041D35818478D
:10BD400008010020003818BF01207047704700BF6D
:10BD50002DE9F04119461F4605469046FBF778FB52
:10BD6000E0B93E4609E0A868F8F763FEAB682869C9
:10BD700023442044361BAB6028613146012228460B
:10BD8000FBF7EEFBB91B4144044602460028EAD10A
:10BD90000123A87D6B755840BDE8F0813A46A8683C
:10BDA0004146F8F746FEAA682B693A443B44AA602C
:10BDB0002B61EDE72DE9F04119461F4605469046F7
:10BDC000FBF746FBE0B93E4609E0A968F8F731FE0B
:10BDD000AB68286923442044361BAB6028610122EC
:10BDE00031462846FBF7BCFB0446B81B40442246BC
:10BDF000002CEAD10123A87D6B755840BDE8F08185
:10BE00003A46A9684046F8F714FEAA682B693A44F6
:10BE10003B44AA602B61EDE72DE9F04188461146CD
:10BE200017460546FBF714FBE0B93E4609E0A86853
:10BE3000F8F7FFFDAA682B6922442344361BAA6049
:10BE40002B61314601222846FBF78AFBB91B41448E
:10BE5000044602460028EAD10123A87D6B755840AC
:10BE6000BDE8F0813A46A8684146F8F7E2FDAA68C5
:10BE70002B693A443B44AA602B61EDE72DE9F04180
:10BE800019461F4605469046FBF7E2FAE0B93E46E2
:10BE900009E0A868F8F7CDFDAB6828692344204481
:10BEA000361BAB602861314601222846FBF758FB60
:10BEB000B91B4144044602460028EAD10123A87D6B
:10BEC0006B755840BDE8F0813A46A8684146F8F7DE
:10BED000B0FDAA682B693A443B44AA602B61EDE7A8
:10BEE0002DE9F0418846114617460546FBF7B0FAA2
:10BEF000E0B93E4609E0A968F8F79BFDAA682B69FE
:10BF000022442344361BAA602B6101223146284675
:10BF1000FBF726FB0446B81B40442246002CEAD11E
:10BF20000123A87D6B755840BDE8F0813A46A968A9
:10BF30004046F8F77EFDAA682B693A443B44AA6064
:10BF40002B61EDE72DE9F04119461F460546904665
:10BF5000FBF77EFAE0B93E4609E0A968F8F769FD0B
:10BF6000AB68286923442044361BAB60286101225A
:10BF700031462846FBF7F4FA0446B81B40442246F3
:10BF8000002CEAD10123A87D6B755840BDE8F081F3
:10BF90003A46A9684046F8F74CFDAA682B693A442E
:10BFA0003B44AA602B61EDE770B515460E46017D56
:10BFB0000446FAF7A3FD0DB9012070BD217D2B4683
:10BFC00032462046BDE87040FFF7C2BE2DE9F04181
:10BFD0001D4616460F461A46017D0446FAF7B6FE80
:10BFE0002B689E423CBF0122A27513B90120BDE817
:10BFF000F081217D3A462046BDE8F041FFF7DABEE8
:10C0000070B515460E46017D0446FAF777FD0DB969
:10C01000012070BD217D2B4632462046BDE8704090
:10C02000FFF72CBF2DE9F0411D4616460F461A4674
:10C03000017D0446FAF78AFE2B689E423CBF01222E
:10C04000A27513B90120BDE8F081217D3A46204652
:10C05000BDE8F041FFF776BF10B582B00446084650
:10C060000191F4F779F90199421C204602B0BDE82C
:10C070001040FFF799BF00BF00B583B001ABFFF7D9
:10C08000A5FF03B05DF804FB014B1878704700BFB3
:10C09000800B01202DE9F04F934689B090F80022E3
:10C0A00005938A46002104468DF81E1022B300F243
:10C0B00002290DF11F0805AF0DF11E064FF40075A2
:10C0C00002E0059B002B0FDDD4F874122346CDE966
:10C0D0000278CDE900562246484601F0F3F80028E0
:10C0E000EFD09DF81E30B3B10F4B9DF81F201A7092
:10C0F000002009B0BDE8F08F0DF11F020092D0F8CA
:10C1000074524FF400720146A8470028ECD09DF805
:10C110001E30002BE8D1CBF800000120CAF8004007
:10C1200009B0BDE8F08F00BF800B012030B590F85A
:10C13000004287B0154674B9D0F870420DF117036C
:10C14000A04708B1A84215D00C4B9DF817201A70D3
:10C15000002007B030BD0B4600220DF11701CDE9DC
:10C1600001210246D0F87012009500F2022000F082
:10C17000B1FEE6E7012007B030BD00BF800B012013
:10C1800010B4019CC0F87042C0E99A23029B80F869
:10C1900000125DF8044BC0F87432704738B5D0F81F
:10C1A000683203B3D0F86C220446E2B1D0F87022B2
:10C1B000CAB1D0F87422B2B1C0F88C1298470546C3
:10C1C00088B194F800328BB90B490C4B0C4AC4F877
:10C1D00080324FF40073C4E99E41C4F88422A4F86D
:10C1E0008832284638BD0025284638BD002104F293
:10C1F000022000F069FEE7E72DC1000895C00008A5
:10C2000089C00008D0F86C32184700BF4FF6FF73A2
:10C21000038070474FF6FF730380704738B50446BC
:10C2200000880D4600F038FE0346002B4FEAD07020
:10C23000B8BF258038BD00BF70B505460C462B68D9
:10C24000096820896268B2FBF0F2A3EB010CBCFB29
:10C25000F2FC0CF1010C1FFA8CF3B3FBF0F600FBBF
:10C2600016339BB202FB03F3181D0844267D50F8D9
:10C27000042C16B1002640F8046C032A01D80120D2
:10C2800070BD0833194428462B69043AFBF72CF992
:10C29000284603492246FBF703F9002070BD00BF82
:10C2A00039C2000800B5C0E900124FF0000E019A33
:10C2B0000381026180F814E0D3B1C1F800E0B0F866
:10C2C00008C0BCF1010F13D90123B3FBFCF10CFB37
:10C2D000113189B24268B2FBFCF201FB02F2016843
:10C2E00041F802E00133B0F808C09BB29C45ECD89D
:10C2F0004FF0FF33C3605DF804FB00BF0189E9B173
:10C300004FF0000C00B56346E646B3FBF1F201FBCB
:10C3100012339BB24268B2FBF1F202FB03F30268F4
:10C3200042F803E00CF1010C01891FFA8CF39942E9
:10C33000EBD84FF0FF33C3605DF804FB4FF0FF33E1
:10C34000C36070472DE9F84304460D460189808992
:10C3500090461F4600F098FD29460646A08900F049
:10C360009BFD00280ADB0026E089294600F094FDA9
:10C37000002800DAE5813046BDE8F88330462946DA
:10C3800000F08AFD0028EEDB236940469847012132
:10C390008146A08900F078FDB9F1000F01D18542F6
:10C3A00047D02289B5FBF2F002FB105080B26368DF
:10C3B000B3FBF2F300FB03F320680433184450F896
:10C3C000043C002BCFD141463A46F8F732FB218995
:10C3D000B5FBF1F201FB125292B26368B3FBF1F3C9
:10C3E00002FB03F32268D750089A01231370B9F1B6
:10C3F000000FB8D0A6893046012100F045FD228902
:10C400006368B3FBF2F30646B0FBF2F002FB106088
:10C4100080B200FB03F320680433184450F8043C56
:10C42000002BA0D023699847022808D00128E2D029
:10C4300099E7089BA581012683F8009094E70126DF
:10C4400092E700BF2DE9F04704460F46808901219D
:10C45000904600F019FD2289B0FBF2F602FB1606A9
:10C46000B6B26368B3FBF2F306FB03F3266804334A
:10C470001E4456F8049CB9F1000F23D023690546E9
:10C4800030469847824600B3B4F80CA001215046CC
:10C4900000F0FAFC2189B0FBF1F2824601FB1202A6
:10C4A000D4E9000392B2B3FBF1F302FB03F30433CC
:10C4B000184450F8043C2BB12369984702281BD03C
:10C4C0000128E3D00020BDE8F0874A4631463846CF
:10C4D000FBF712F82189B5FBF1F201FB125292B27F
:10C4E0006368B3FBF1F302FB03F3226842F803A095
:10C4F0000120A581BDE8F0872089B5FBF0F300FBA2
:10C500001355ADB26368B3FBF0F303FB05F5236885
:10C510000020585106EB0801A9EB08023846FAF74B
:10C52000EBFF384603492246FAF7BAFFA4F80CA0FD
:10C530000120C8E739C2000838B511460446C08951
:10C54000154600F0A9FC0028B8BFE58138BD00BF42
:10C550002DE9F8430389858904460E46D3B1284660
:10C56000012703E0674515D2A0890137B9B200F071
:10C570008BFCB4F808C0B0FBFCF30CFB13039AB2BD
:10C58000D4E90013B3FBFCF302FB03F3CB58002BFD
:10C59000E8D10546358001212846E78900F078FC7E
:10C5A0000146384600F074FC054618B34FF0000908
:10C5B0004F464FF001081FFA89F1308800F064FC03
:10C5C000B4F808C0B0FBFCF3D4E9001203FB1C0074
:10C5D00083B2B2FBFCF202FB03F308FA09F2CB5878
:10C5E00009F101090BB91743BFB24D45E3D13846F4
:10C5F000BDE8F88307463846BDE8F8834FF6FF7C70
:10C60000C0E9013201600373A0F80EC0704700BF9B
:10C61000027B42604FF6FF73C3817047F0B504465A
:10C6200083B040680D461646FCF730FB636818443B
:10C63000A368421993422CBF0127002702D2384633
:10C6400003B0F0BD0090216830460023FAF742FFA6
:10C65000616838462944616003B0F0BD2DE9F041BE
:10C6600004461D464068237B98428CBF0126002665
:10C6700002D83046BDE8F0818846E089012117469E
:10C6800000F002FC2368E0812880C8F8003063686D
:10C690003B60237B63603046BDE8F08138B50268BB
:10C6A0000C4609682389A2EB010C6268B2FBF3F225
:10C6B000BCFBF2FC0CF1010C1FFA8CFCBCFBF3FE82
:10C6C00003FB1EC39BB202FB03F394F80CC0CA58D1
:10C6D0006344A2EB0C02083305461944043A03698B
:10C6E000FAF702FF284603492246FAF7D9FE00204E
:10C6F00038BD00BF9DC6000810B49DF804C003817A
:10C70000C0E9001280F80CC0D3B1C1F800C0B0F885
:10C7100008C0BCF1010F13D90123B3FBFCF10CFBE2
:10C72000113189B242680468B2FBFCF201FB02F2EB
:10C73000017BA1500133B0F808C09BB29C45ECD8F6
:10C740004FF0FF326FF00043C0E9062305495DF862
:10C75000044BC0F80E104FF6FF7200234282038490
:10C76000704700BF0000FFFF0189B1B14FF0000C1E
:10C770006346B3FBF1F201FB12339BB24268B2FB9A
:10C78000F1F2016802FB03F3027BCA500CF1010CC9
:10C7900001891FFA8CF39942EBD84FF0FF326FF00A
:10C7A0000043C0E906230449C0F80E104FF6FF729B
:10C7B00000234282038470470000FFFF2DE9F04F01
:10C7C000044691B00089E68923680492B6FBF0F232
:10C7D00000FB126292B26568B5FBF0F505FB023210
:10C7E000043252F8048C94F80C9003928B462F1F5D
:10C7F000002800F04C814FF0000CE2466146B1FB8E
:10C80000F0F200FB121292B205FB02F20CF1010CE5
:10C810009A584A4508BF0AF1010A1FFA8CF108BF6D
:10C820001FFA8AFA8142EAD340460421CDF814A0C7
:10C83000FAF766FE804408EB0B02BA4240F2CD8064
:10C84000227B5A44BA4240F2B580C9F57F43FC339B
:10C85000BAB213449BB20AFB03F9D9450593069378
:10C86000C0F0B78008F10403BB4280F0DB80A2F186
:10C870000409A9EB0809059B1FFA89F9ABEB090B21
:10C88000BBFBF3F203FB12B3002B00F0C8800132B4
:10C8900092B20693524500F29C800DF1200B002AC3
:10C8A00042D0CDF81C804FF0000ADDF814800595C9
:10C8B0000DF1200B154600E0C1462089B6FBF0F2D1
:10C8C00000FB12618AB26368B3FBF0F1236802FBDC
:10C8D00001F104311944584651F8042C0092002308
:10C8E0003A46FAF7F7FD4A4600230D215846FCF771
:10C8F0008DF92189B6FBF1F201FB126292B26368F5
:10C90000B3FBF1F302FB03F322683046D750012159
:10C9100000F0BAFA0AF1010A1FFA8AF39D420646AC
:10C92000CAD8DDF81C80059D2089B6FBF0F300FB1A
:10C93000136399B26368B3FBF0F301FB03F321685F
:10C94000043319443A4651F8040C00900023584629
:10C95000FAF7C0FDDDF8189058461FFA89F2022355
:10C960000D21FCF753F9039B2789207B08F1040173
:10C970000B441946B6FBF7F307FB1363A5F1080256
:10C980009DB204306368B3FBF7F305FB03F325683E
:10C990004844E850049DA2EB08022846FAF7ACFD93
:10C9A00028463C492246FAF77BFD0120E68111B07A
:10C9B000BDE8F08F0121E08900F066FA2189054683
:10C9C000608A00F061FA0146284600F065FA002806
:10C9D00042DD002011B0BDE8F08F2189608A059208
:10C9E00000F052FA0146304600F056FA0028059A47
:10C9F000EFDC2789B6FBF7F307FB13639DB263688F
:10CA00002468B3FBF7F305FB03F3DDE90310E25001
:10CA10000023CDF80080FAF75DFD0120DAE793B23C
:10CA20001A4637E730460121079200F02DFAB4F894
:10CA300008C0B0FBFCF10CFB1101064688B263682C
:10CA4000B3FBFCF12368079A00FB01F104310B44AE
:10CA5000039353F8048C0AE72189B5FBF1F301FB3A
:10CA600013539AB26368B3FBF1F32168049802FB95
:10CA700003F30433227B19445A4441F8042C237BEA
:10CA800000930023FAF726FDE5810120A2E7824604
:10CA9000CAE600BF9DC60008F8B504460F46008AE6
:10CAA000012116461D4600F0EFF928802289B0FBCF
:10CAB000F2F302FB130C1FFA8CFC6368B3FBF2F376
:10CAC0000CFB03FC2368E1890CF1040C63443B601C
:10CAD00023689C445CF8043C336000F0DDF90028D6
:10CAE00001DD0020F8BD237B32689A42F9D9618AC2
:10CAF000208A00F0CDF923898342F2D02888E38987
:10CB00002082984201D00120F8BD012100F0BCF93B
:10CB1000E0810120F8BD00BF70B5018A0446408A5B
:10CB200015461E4600F0B8F9002807DB4FF0FF322B
:10CB30006FF00043C4E90623002070BD94F8200084
:10CB400040B9012384F82030643546F10006C4E979
:10CB5000065670BDD4E90623954276EB0303A5BFC4
:10CB6000013084F8200000200120EDE7408A704762
:10CB70002DE9F04190F8218082B0B8F1000F11D07A
:10CB8000044618880E4617461D46012100F07CF920
:10CB90002880218A00F080F9002807DD4FF0000886
:10CBA00084F82180404602B0BDE8F08121892888C0
:10CBB0002368B0FBF1F201FB120C1FFA8CF2019317
:10CBC0006368B3FBF1FC019B02FB0CFC0CF1040C51
:10CBD000634433602368634453F8043C3B60227B26
:10CBE0009A42D2D0404602B0BDE8F081F8B5044682
:10CBF0000E461046012100F04BF9618A00F048F919
:10CC0000C0B1054600270121608A00F03DF9B4F863
:10CC100008C0B0FBFCF1D4E900230CFB110189B280
:10CC20000137B3FBFCF301FB03F3BD42217B6082C0
:10CC3000D150E8D1003E4FF0000318BF012684F820
:10CC4000203084F82160F8BD018A408A08B500F0E0
:10CC500023F9B0FA80F0400908BD00BF0289DAB1BB
:10CC600030B5002143680568047BB3FBF2FE08463B
:10CC70000B46B3FBF2FC02FB1C339BB20EFB03F32F
:10CC8000013155F803C0644508BF01308BB208BFBD
:10CC900080B29342EDD330BD1046704710B594B0CA
:10CCA00000230292059201930122ADF81C308DF809
:10CCB0001E30CDF82630CDF82A3008238DF82420F8
:10CCC000009310220CAB04460391FBF701FD18B949
:10CCD0000446204614B010BD059906AA2046FBF76D
:10CCE0002DFE06A904460CA8FDF73CF8204614B01A
:10CCF00010BD00BF2DE9F04395B0BDF8786013B1C9
:10CD000015B0BDE8F0830C461546D1E90121074670
:10CD10001C9804901D980590521A0CA899469DF8ED
:10CD20007680FAF7E9FBD4E906120CA8FAF7B8FB0B
:10CD3000E2699AB1B8F1070F82F8149040D0B8F1C7
:10CD4000080F2ED0B8F1060F11D001231375294614
:10CD50002046FAF721FC15B0BDE8F083B8F1070FC3
:10CD60002ED0B8F1080F1CD0B8F1060FEFD1D7F8CC
:10CD70008880B8F1000F11D00CABCDE90035062347
:10CD80008DF81630D7F88C3002933246DDE9043145
:10CD90003846C0470123E26987F8B430002AD4D16D
:10CDA000D5E7D7F8A430002BF8D006A90CA8DDF8F9
:10CDB0004080FDF777F8A0B9E269002AC5D1C6E73F
:10CDC000D7F8AC303BB106A90CA8DDF84080FCF7E1
:10CDD00063FD60BBE269A3682B44A360002AB4D161
:10CDE000B5E7DDE90D21109B521AA8EB03080CA84A
:10CDF000FAF782FBA844D4E906120CA8FAF750FB14
:10CE00001FFA88F80CAB0093CDF8048008218DF848
:10CE10001610D7F8A810029106AB32460599D7F83C
:10CE2000A4603846B047012387F8B430C4E7DDE991
:10CE30000D21109B521A0CA8A8EB0308FAF75CFB13
:10CE4000D4E906120CA8FAF72BFB0CAB00939DF863
:10CE500018109DF81930A8441FFA88F8CDF80480FE
:10CE600003EB012307218DF81610D7F8B0100291BB
:10CE700032469BB2D7F8AC6005993846B0470123DB
:10CE800087F8B430A6E700BF084480B2704700BFFF
:10CE9000401A80B2704700BF884211D009D388423F
:10CEA00010D9401AB0F5004FD4BF01204FF0FF3029
:10CEB00070470B1AB3F5004FF1DA4FF0FF307047AF
:10CEC0000020704701207047002341700370838564
:10CED000704700BF2DE9F04F1746427883B00E46E9
:10CEE000A2F17D019A4601294FF07E03044680F8A5
:10CEF0003830DDF838B09DF8340040F23781A0F1C9
:10CF00007D0184F8392001294FF0020284F8622063
:10CF100040F28F800C9B84F83A00DDB2A5F17D01D0
:10CF20000322012984F8622040F29A80A1180C9B08
:10CF300081F83850C3F30721A1F17D0001320128A7
:10CF400084F8622040F2A080A0180132D2B280F8AA
:10CF5000381084F86220002B00F0A9804FF00009FF
:10CF6000C8461AF80830A3F17D01012940F2C380B8
:10CF7000292A00F29F80A1180132D2B281F83830FC
:10CF800084F8622089EA03038C49DBB208F10108C6
:10CF900031F8133083EA19290C9B4345E1D84FEA55
:10CFA00019235FFA89F801934FF00009A8F17D0A6F
:10CFB0005FFA8AF1012921D9292A40F2AF800025A0
:10CFC00000E060B105F13801521B5B462144384650
:10CFD000B04794F8622005449542F2D303D0002074
:10CFE00003B0BDE8F08F5FFA8AF14FF0000301292A
:10CFF00084F862304FF0000200F29080511CC9B2F8
:10D000002929DCD8A5182144023288F02008484696
:10D010004FF07D03D2B285F838304FF0010981F826
:10D02000388084F86220002840F08580DDF8048094
:10D03000BCE711464FF0030C04220C9B2144DDB2E7
:10D040004FF07D0E81F838E0A444A5F17D0180F019
:10D05000200001298CF8380084F862203FF666AF82
:10D060000C9BA01885F020054FF07D0CC3F3072121
:10D0700080F838C080F83950A1F17D0002320128D3
:10D0800084F862203FF660AF501CA51854FA80F077
:10D09000023281F02001D2B24FF07D0C85F838C009
:10D0A00080F8381084F86220002B7FF457AF01938A
:10D0B000984679E7002501E0002890D005F1380175
:10D0C000521B5B4621443846B04794F86220054421
:10D0D0009542F1D383D14FF0000384F862300C9B6A
:10D0E000434564D91AF80830A3F17D0101294FF0B6
:10D0F00000023FF63DAF511CC9B22929DAD8A01869
:10D1000021444FF07D05023280F83850D2B283F0CE
:10D11000200081F8380084F8622033E7A11801323A
:10D120004846D2B281F838804FF0010984F8622075
:10D1300000283FF47BAF002502E000283FF44FAF0A
:10D1400005F13801521B5B4621443846B04794F83C
:10D15000622005449542F0D37FF441AF002384F868
:10D1600062300C9B98B203B0BDE8F08F7D2182F055
:10D17000200284F83910A0F17D0184F83A200129B9
:10D180004FF0030284F8622004D811464FF0040CDB
:10D19000052252E70C9B84F83B00DDB2A5F17D012E
:10D1A0000422012984F862203FF6C0AE58E74FEA16
:10D1B00019235FFA89F801930022F5E6B8F3000815
:10D1C0002DE9F04F044683B01F46DDF834B08946A0
:10D1D0009246FBF761FD94F82C3094F82D60B34231
:10D1E000804661D01CD8751EED1AEDB200265D4553
:10D1F0001FD8AB195B4584BFABEB0506F6B2EDB9A2
:10D200004FF0000BFBF748FD3B68A0EB0808A3EBD1
:10D210000803584623EAE3733B6003B0BDE8F08F90
:10D22000002E49D0C3F12A05EDB2013E5D45F6B2AC
:10D23000DFD95FFA8BF50026002DE1D094F82C1091
:10D2400002310C9B00933B6821442A465046C84754
:10D2500094F82C301A4A03445908A2FB012189088A
:10D260002A2202FB1131834684F82C100028C7D0F3
:10D27000A842C7D1002EC5D00C9B00930231324684
:10D28000214400235046C84794F82C100C4A0B1830
:10D290005908A2FB011292082A2101FB123300EB6C
:10D2A000050B84F82C30ADE70026BBF1280FA685CE
:10D2B000BFD902212925C4E7C3F12905EDB296E7BC
:10D2C000310CC3302DE9F04F1E4690F82C5090F8E9
:10D2D0002D309D4283B004468846914600F08881F7
:10D2E0002378C14DC14F072BFDD8DFE813F015019E
:10D2F000F600D600B90090004D003000080094F808
:10D300002C1094F82D30994200F04A81E21892785E
:10D310007D2A00F0998101335808A5FB0010800890
:10D320002A2101FB10337E2A84F82D3000F052822E
:10D33000A38EE18E03EB02239BB200229942A386C7
:10D34000227000F07981002003B0BDE8F08F94F8DE
:10D350002C1094F82D30994200F03181E218907829
:10D360007D2800F0908101335A08A5FB0212920833
:10D370002A2101FB12337E2884F82D3000F01A8216
:10D380000723A0862370AEE7638EB4F830E09E4595
:10D3900038D907EE908A2A2120E09BF802C0BCF120
:10D3A0007D0F00F0D480BCF17E0F84F82D2000F0BA
:10D3B000198206F803C0B4F836A0638EB4F830E0E2
:10D3C0008AEA0C00C0B2013337F810209BB282EA1F
:10D3D0001A2273456386E28680F0208194F82D003E
:10D3E00094F82CA000F1010C4FEA5C02A5FB02822C
:10D3F0009208824504EB000B01FB12C2CDD117EE5F
:10D40000908A9E4540F01181062323706BE794F8C3
:10D410002C0094F82D30984200F0C280E2189178E8
:10D420007D2900F04C8101335A08A5FB02029208C5
:10D430002A2000FB12337E2984F82D3000F0CA81A7
:10D44000238E03EB01230C999BB200208B42238691
:10D450006086E08640F2DF80207003B0BDE8F08F88
:10D4600094F82C1094F82D30994200F0A880E2181E
:10D4700090787D2800F0648101335A08A5FB0212E0
:10D4800092082A2101FB12337E2884F82D3000F007
:10D49000918104232086237025E794F82C0094F8CA
:10D4A0002D20904200F0B380A31899787D2900F0D8
:10D4B000648101325008A5FB003080082A2303FB59
:10D4C00010227E2984F82D2000F0888163788B4219
:10D4D0000CBF03230023237005E794F82C1094F865
:10D4E0002D300022994284F82E206CD0E2189078DA
:10D4F0007D2800F0018101335A08A5FB0212920831
:10D500002A2101FB12337E2884F82E0084F82D3066
:10D5100059D002232370E6E694F82CA094F82D202D
:10D520004FF02A0E511C4B08A5FB03C39B080EFBB2
:10D530001313924504EB0200DAB23FF404AF837890
:10D5400084F82D207E2BEDD101232370CBE600F152
:10D55000010C4FEA5C02A5FB0282920801FB12C299
:10D5600004EB020CD2B2924500F102003FF447AF47
:10D5700042089CF802A0A5FB0282920801FB12005F
:10D58000BAF17E0F8AF0200C84F82D007FF411AFE1
:10D590009E4517EE908A3FF437AF01232370A2E631
:10D5A0000F9B0093012301930E9B4A464146204660
:10D5B000FFF706FE00283FF4C6AE237893E60F9BE4
:10D5C00000930223EFE70F9B0093042301934A4645
:10D5D0000E9B41462046FFF7F3FD0028EDD194F85D
:10D5E0002E307E2BE9D0AEE6310CC330B8F3000804
:10D5F0000F9B0093052301930E9BFFF7E1FD94F829
:10D600002D2094F82C309A423FF49DAE68E60F9B93
:10D6100000930323C7E70523237064E617EE908A7F
:10D620003FF4F2AEBCF17E0F8ED0AEEB03030233BB
:10D6300001930F9B0093B7E70D9A94F82E30137067
:10D64000208E03B0BDE8F08F03F1010C4FEA5C02BD
:10D65000A5FB020292082A2000FB12C25FFA82FC9C
:10D6600061459DD00233224459089278A5FB01C13F
:10D67000890800FB11337E2A84F82D3000F0AA803F
:10D6800082F0200254E6581C4208A5FB02C2920810
:10D690004FF02A0C0CFB1202D0B281428FD02244F0
:10D6A000023390785A08A5FB021292080CFB123341
:10D6B0007E2884F82D307DD080F0200060E6591C53
:10D6C0004A08A5FB02C292084FF02A0C0CFB12126A
:10D6D000D1B288423FF464AF2244023391785A08B1
:10D6E000A5FB020292080CFB12337E2984F82D3030
:10D6F00070D081F02001A3E603F1010C4FEA5C0237
:10D70000A5FB020292082A2000FB12C25FFA82FCEB
:10D7100061453FF458AF22440233917884F82E10CB
:10D720005A08A5FB02C2920800FB12337E2984F836
:10D730002D303FF448AF81F0200184F82E10E8E648
:10D74000581C4208A5FB02C292084FF02A0C0CFBA1
:10D750001202D0B281423FF432AF224402339078B9
:10D760005A08A5FB021292080CFB12337E2884F89B
:10D770002D301FD080F020008BE6511C4B08A5FBFC
:10D7800003C39B084FF02A0C0CFB1313D9B2884239
:10D790003FF43DAF0232234450089B78A5FB0010B4
:10D7A00080080CFB10227E2B84F82D2016D083F0ED
:10D7B00020018BE60F9B0093022301934A460E9BA8
:10D7C00041462046FFF7FCFC00287FF4F6AE01231B
:10D7D000237088E50F9B00930123EEE70F9B0093D6
:10D7E0000323EAE717EE908AAEE600BF30B583B0B8
:10D7F00000230093D0B1044669461548FDF720F98F
:10D80000024610B1012003B030BD009B8BB11878E7
:10D810000028F8D001A91846019200F095FF0546AE
:10D8200050B1431C0DD025600020ECE70B2003B065
:10D8300030BD184603B030BD019B1B78002BF2D0E1
:10D84000E0E7F7F7C9F80368222BECD1DAE700BF6D
:10D8500014F100082DE9F04F8BB00693002800F07A
:10D86000AD800E46002900F0A9801746002A00F07E
:10D87000A580002B00F0A280199B002B00F09E8059
:10D88000002209A9804600F0F5F90446002840F07E
:10D890009680099B002B40F09A80024609A93046E9
:10D8A000FDF7C0FC002840F08E80099A002A40F065
:10D8B000938009A93846FDF797FC002840F0838043
:10D8C000099C002C40F0ED807B21404600F046FF93
:10D8D00098F800302F2B054600F09E807E2B40F0FC
:10D8E000A2803846F2F738FD824A834B012818BFE0
:10D8F00013460293189B0093CDE9037608F10103C8
:10D9000005934FF40063019314AB0FCBFDF7B0F810
:10D910008246002800F0C780002D00F0A2807B2105
:10D9200000F01CFFD14605460794D3464C46002D17
:10D9300000F0BE807D21204600F010FFA0EB05091D
:10D9400009F1010A6D485246294600F014FF0028EB
:10D9500067D06B485246294600F00DFF30B1694848
:10D960005246294600F007FF002837D1B94616ABCA
:10D9700093E807008DE8070014AB28460CCB51460E
:10D98000FDF7B2F90546002800F09C804A46204683
:10D9900014AB2946FDF7A6F81899159B04462846AE
:10D9A0009847159B189958469847002C7BD07B21A7
:10D9B000204600F0D3FEA3460546B8E70B242046D8
:10D9C0000BB0BDE8F08FFCF797FA0446F7E7672441
:10D9D00020460BB0BDE8F08FC924F0E709F1FF3213
:10D9E0000698691CFDF79AFA81460028BFD1199B59
:10D9F00016AA186007CA8DE8070014AB0CCB514675
:10DA00002846FDF771F91899159B9847159B1899A9
:10DA1000584669249847D2E700285BD0C146A24601
:10DA200082E7B146A3E70028F8D13846F2F794FC24
:10DA3000354A364BCDF81080012818BF13464FF4F5
:10DA40000061CDE90113189A0397009214AB0FCB34
:10DA5000FDF70EF8824653462BB3199BC3F800A07E
:10DA6000ADE79AF800302F2BF7D03846F2F774FC68
:10DA7000254A264BCDF810A0012818BF13464FF4B5
:10DA80000061CDE90113189A0397009214AB0FCBF4
:10DA9000FCF7EEFF159B1899054650469847AA4695
:10DAA000D9E7CA248BE7199A002313600A2486E772
:10DAB0005B46079CDA46002BD3D198F800302F2B19
:10DAC000CBD0B2E7DDE91812159B15605846984790
:10DAD0000A2474E717AB93E803008DE8030014AB46
:10DAE0000ECB4046FDF7DEF8199B0028186008BFF2
:10DAF0000A2464E724F1000878EC00082CF10008FF
:10DB000034F100083CF10008C0ED000888EC000882
:10DB100000280CBF0B200020704700BF034A0346BB
:10DB200092E8030083E8030018467047B8F5000840
:10DB300082B02DE9F04186B00DF1300C04464CF86E
:10DB4000043F0E461746BCE80F000DF1040EAEE888
:10DB50000F00DCF80030CEF8003001A8F7F7CEFF58
:10DB600050B34CB3D4F80480B8F1000F1ED11FB3EA
:10DB70003846FCF7DFF928B3019B05991C2098472C
:10DB80000546606058B3FEB1066080F8048001ACC1
:10DB90000FCC05F1080CACE80F002368CCF800307E
:10DBA000002006B0BDE8F04102B07047642006B026
:10DBB000BDE8F04102B070470B2006B0BDE8F0416F
:10DBC00002B070476520F2E73868283000F050FA5C
:10DBD000286065682E6826B101232B71D7E70A20DB
:10DBE000E5E72846029B0599984766600120DEE735
:10DBF00070B582B0F0B14368044663B11868DE685E
:10DC0000996960B11D7965B91846B0470023284667
:10DC1000636002B070BD1D46284602B070BD054667
:10DC2000F2E7019100F038FA051E6368019918BF08
:10DC30000125E9E70B25284602B070BDF0B587B095
:10DC400006466846F7F74CFF094BEE469C461D46D4
:10DC5000BEE80F00ACE80F000FCD3446DEF80070D0
:10DC6000CCF800700FC43046276007B0F0BD00BF8D
:10DC7000840B012000287AD02DE9F0470E460029B8
:10DC80007CD017460546F2F767FBB0B195F80090D7
:10DC9000DFF880C11CF8093013F0040369D100F1EA
:10DCA000FF3815F808202F2A0ED1022232606FB3F8
:10DCB000C7F800801846BDE8F087012333602FB312
:10DCC00000203860BDE8F08705F1FF3A1C46194690
:10DCD0001AF8012FA2F1300EBEF1090F19D922F066
:10DCE000200EAEF1410EBEF1190F12D95F2A19D0E4
:10DCF0002F2A51D07E2A48D07B2A54D07D2A61D148
:10DD0000002C55D10523336007B139600020BDE8F0
:10DD1000F0871CF80220520704D51CB111B14A1E2D
:10DD20009A422DD001318842D2D1002C45D1B9F18F
:10DD30007E0F4FD02046012306E08B4205F10105FE
:10DD400003F1010236D21346804500F10100F4D000
:10DD50002A782F2AF1D16A781CF802205407ECD5D2
:10DD600004223260002FD1D03B600020AAE70B20B4
:10DD7000704704233360002FA2D1C7E70B20A1E72F
:10DD800009233360002FC0D1C0E70029CAD0062381
:10DD90003360002FB9D1B9E7002CC3D0082333601A
:10DDA000002FB2D1B2E7002CF8D10B460124B9E71D
:10DDB0000024B7E70020306084E705223260002F9E
:10DDC000D2D1A3E7002C14BF082303233360002F14
:10DDD0009BD19BE701230AE0012C13D0994204F167
:10DDE000010405F1010503F10102E3D91346A04541
:10DDF000F4D02A782F2AEFD16A781CF80220520733
:10DE0000ECD5ADE707233360002F3FF47FAF3C60D4
:10DE1000002057E7C1F5000882B002B0704700BF8C
:10DE20002DE9F041224A94B012681A9DBDF86C6049
:10DE3000CDE91231C2B3BDF84C109DF84E0001E09F
:10DE400052688AB39468A38A8B42F9D1A37D834236
:10DE5000F6D1482204F130016846F6F7EAFD04F1F4
:10DE600028030CCB2046F8F72BFA0746E0B1D0F890
:10DE700008803246284608F11001FEF731F830B923
:10DE80000C48394614B0BDE8F041FDF739BAC8F87E
:10DE90001448C8F81068FDF719FF08F50262052359
:10DEA00042E9020188F8203814B0BDE8F08100BFD3
:10DEB000540A0120440A01202DE9F041234894B07E
:10DEC00000681A9FBDF86C60139100283BD01D4676
:10DED00001E04068B8B38468218B9142F9D14822AF
:10DEE00004F128016846F6F7A4FD04F120030CCBE9
:10DEF0002046F8F7E5F9804628B33846D8F8087088
:10DF0000324607F11001FDF7EBFF30B910484146EA
:10DF100014B0BDE8F041FDF7F3B90FCD07F6280CBA
:10DF2000C7F81448C7F81068ACE80F0095E803007C
:10DF30008CE80300FDF7CAFE07F50262032342E9FD
:10DF4000020187F8203814B0BDE8F081240A0120CE
:10DF5000440A01202DE9F041214894B000681A9F3D
:10DF6000BDF86C601391B8B31D4601E0406898B3EA
:10DF70008468218B9142F9D1482204F12801684636
:10DF8000F6F757FD04F120030CCB2046F8F798F97B
:10DF9000804608B33846D8F80870324607F11001B9
:10DFA000FDF79EFF30B90F48414614B0BDE8F0417F
:10DFB000FDF7A6B90022C7F82C28C7F81448C7F8FF
:10DFC0001068C7F82858FDF781FE07F502620423A0
:10DFD00042E9020187F8203814B0BDE8F08100BFA3
:10DFE00038C10020440A012070B528B104460068F9
:10DFF0000D46F8F735FA10B90124204670BD636864
:10E00000002BF9D0002DF7D02868F8F729FA00285E
:10E01000F2D06E68002EEFD0646832692069D0F8C3
:10E02000883300F528701968FEF738FE024620692B
:10E03000D0F89033D0F88813F8F792F92069326954
:10E04000D0F8883300F528701968F9F7C5FA024648
:10E050002069D0F89033D0F88813F8F781F90028B8
:10E06000284614BF00240224F8F708F9C5E700BFCA
:10E0700038B505460748FDF733F948B184680023F1
:10E080002374E561FDF750F9C4E9050404F11400B7
:10E0900038BD00BFE409012008B5084B196811B963
:10E0A0000AE0496841B18B6814339842F9D10348BA
:10E0B000FDF726F9002008BD012008BDE409012074
:10E0C0002DE9F047089D0F4604468C46002B48D1A9
:10E0D0008A42164661D9B2FA82F34BB1C3F12002EB
:10E0E00001FA03FC20FA02F29E4042EA0C0C9C402A
:10E0F0004FEA164EB7B2BCFBFEF1220C0EFB11CC60
:10E1000042EA0C4201FB07F0904209D9B21801F132
:10E11000FF3C80F0EE80904240F2EB8002393244C6
:10E12000121AA4B2B2FBFEF00EFB102244EA024423
:10E1300000FB07F7A74209D9341900F1FF3280F03C
:10E14000DA80A74240F2D7803444023840EA0140E6
:10E15000E41B00211DB1DC400023C5E90043BDE8FC
:10E16000F0878B4206D90DB1C5E9000100210846B0
:10E17000BDE8F087B3FA83F1002948D1BB4202D34E
:10E18000824200F20781841A67EB03020120944661
:10E19000002DE4D0C5E9004CE1E7002A00F09280B0
:10E1A000B2FA82F3002B40F0A8808A1A4FEA164E8A
:10E1B0001FFA86FC0121200CB2FBFEF70EFB172292
:10E1C00040EA02420CFB07F0904207D9B21807F16F
:10E1D000FF3802D2904200F2E2804746121AA4B2FF
:10E1E000B2FBFEF00EFB102244EA02440CFB00FCE2
:10E1F000A44507D9341900F1FF3202D2A44500F238
:10E20000CB801046A4EB0C0440EA0740A2E7C1F122
:10E2100020068B4022FA06FC4CEA030C07FA01F4B4
:10E2200020FA06F3F7404FEA1C49234300FA01F8AD
:10E230001FFA8CFEB7FBF9F01C0C09FB107744EABF
:10E24000074400FB0EF7A74202FA01F20AD91CEBC1
:10E25000040400F1FF3A80F09B80A74240F29880CE
:10E2600002386444E41B9FB2B4FBF9F309FB134486
:10E2700047EA044403FB0EFEA64509D91CEB04043F
:10E2800003F1FF3780F08280A6457FD9023B6444CA
:10E2900043EA0040A4EB0E04A0FB02E7BC42734635
:10E2A000B94663D360D05DB1B8EB030264EB0904F7
:10E2B00004FA06F622FA01F31E43CC40C5E90064D5
:10E2C00000214CE76208480842EAC1710B0C43EA9E
:10E2D00000438AB242EA0342B3FBF6F1E407B446D4
:10E2E0003746B6461F23B0FBF6F0D21B41EA004189
:10E2F00061E7614614E7104628E7C3F1200120FAE0
:10E3000001F29E4027FA01F19F403A434FEA164E30
:10E310001FFA86FCB1FBFEF70EFB1710110C41EA49
:10E32000004107FB0CF8884504FA03F43AD9711848
:10E3300007F1FF3001D288451FD8A1EB0801B1FBDE
:10E34000FEF808FB0CF70EFB181192B242EA0142EC
:10E35000BA422FD2B21808F1FF31C6D2BA42C4D2A3
:10E36000A8F102013244C0E7F0459CD2BEEB0203A3
:10E3700067EB0C070138B94695E7A6EB080841445E
:10E38000B81EB1FBFEF808FB0CF7DCE73B467FE765
:10E39000504667E70846FBE63444023832E7023F5E
:10E3A00032441BE7A1EB08013846B1FBFEF808FB3D
:10E3B0000CF7C8E7414698E7024B0A460146186841
:10E3C00000F002B82000002070B5A1FB025434B95F
:10E3D0002946F6F79BFC064628B9304670BD0C224C
:10E3E00002600026F9E72A462146F6F7EDFAF4E73F
:10E3F00007B5044B014601AA186800F005F803B000
:10E400005DF804FB200000202DE9F84FDFF86CA038
:10E4100006468946174600F0FDF9DAF8004034B1A7
:10E420004B46984613F8012B3AB13D2AF9D13046B4
:10E4300000F0F6F90020BDE8F88FA8EB0908A34624
:10E4400054F8040B0028F2D04246494600F093F9F4
:10E450000028F4D154F8043C03EB080513F8083005
:10E460003D2BECD1DAF80030ABEB03039B103046C8
:10E470003B6000F0D5F9681CDDE700BF100000200C
:10E48000024B01461868F6F741BC00BF200000208F
:10E49000024B01461868F7F7C7B800BF20000020FC
:10E4A0000CB430B5184B0C1E1D689DB008DA8B23D8
:10E4B0002B604FF0FF301DB0BDE8304002B0704718
:10E4C0004FF40273ADF814304FF000031B9314BFE8
:10E4D00004F1FF332346049307934FF6FF73029032
:10E4E0000690ADF81630209A21AB02A92846019378
:10E4F00000F0FCF9431CBCBF8B232B60002CDAD04E
:10E50000029B00221A70D6E72000002038B5104B7D
:10E510001D682A6B0446B2B91820FFF7B1FF024606
:10E52000286320B90B4B0C48462100F055F90B49E4
:10E530000B4BC0E900130B4B83600B23838100213D
:10E540000120C2E9040100231461536138BD00BFFA
:10E5500020000020BFF10008D6F100080E33CDAB3B
:10E5600034126DE6ECDE0500164B10B51C68226B0C
:10E57000B2B91820FFF784FF0246206320B9124B7E
:10E580001248522100F028F91149124BC0E900133A
:10E59000114B83600B23838100210120C2E9040118
:10E5A00013690E4854690E49584301FB0400A3FB4C
:10E5B0000131013340EB0100C2E9043020F000409A
:10E5C00010BD00BF20000020BFF10008D6F10008F8
:10E5D0000E33CDAB34126DE6ECDE05002DF4515850
:10E5E0002D7F954C024B0A4601461868F7F766B82E
:10E5F0002000002030B51446002C9BB005461A467A
:10E6000005DA8B2303604FF0FF301BB030BD4FF4B1
:10E610000273ADF80C304FF00003199314BF04F1EE
:10E62000FF332346029305934FF6FF730091049145
:10E63000ADF80E3069461E9B00F058F9431CBCBF74
:10E640008B232B60002CE0D0009B00221A70DCE7AB
:10E6500007B5009313460A46014603480068FFF7D2
:10E66000C9FF03B05DF804FB200000202DE9F04352
:10E67000344E86460D46284615F8014B375D17F097
:10E680000807F8D12D2C10D12C780127851C33F0E8
:10E69000100015D1302C0DD1287800F0DF0058285B
:10E6A00008D16C78023510230AE02B2C04BF2C789B
:10E6B000851CECE7002BF6D1302C14BF0A2308236D
:10E6C0004FF0FF380026B8FBF3F803FB08F96FEAB8
:10E6D00009093046A4F1300CBCF1090F10D864468A
:10E6E000A3421EDDB6F1FF3F07D0804516D301D10E
:10E6F000A14513DB00FB0340012615F8014BE9E7B8
:10E70000A4F1410CBCF1190F01D8373CE8E7A4F1A2
:10E71000610CBCF1190F04D8573CE1E74FF0FF360C
:10E72000EBE7731C06D12223CEF80030304632B915
:10E73000BDE8F08307B14042002AF9D006B1691E56
:10E740001160F5E7C1F5000813460A460146024884
:10E750000068FFF78BBF00BF20000020C9B203464E
:10E76000184613F8012B12B18A42F9D170470029DB
:10E7700018BF0020704710B56AB10139841810F82D
:10E78000012B11F8013F9A4203D1A04201D0002A87
:10E79000F5D1D01A10BD1046FCE70A7870B56AB9F9
:10E7A00070BD9A4209D10C46054614F8013F002B72
:10E7B000F6D015F8016F9E42F7D001300378002B98
:10E7C000EFD11846ECE7034611F8012B03F8012BB3
:10E7D000002AF9D1704700001FB514461A46094BAC
:10E7E0001B680546D8684CB1074B0091CDE9013450
:10E7F00006492B4600F072F900F082F9044B1C46E2
:10E80000F3E700BF2000002037F2000844F20008C0
:10E8100072F200080148F6F70AB900BF7CC0002078
:10E820000148F6F705B900BF7CC000202DE9F0478C
:10E830008E681F46BE4282460C469046334653D8E9
:10E84000B1F90C0010F4906F2BD065692368096949
:10E8500005EB4505A3EB010905EBD5757B1C6D1098
:10E860004B44AB422A4684BF1D462A46430527D562
:10E8700011465046F6F74AFA064658B321694A4609
:10E88000F6F7D7F8A38923F4906343F08003A381BC
:10E89000266165614E44A5EB09052660A5603E46EC
:10E8A0003B461F4620683A464146F6F72CFEA368D1
:10E8B0009B1BA36023683B4423600020BDE8F087D6
:10E8C0005046F6F7FBFE06460028E1D12169504686
:10E8D000F6F7AAFE0C23CAF80030A38943F04003E0
:10E8E000A3814FF0FF30E9E73E46DBE72DE9F04733
:10E8F0001F468B891B069CB006460D46144610D554
:10E900000B6973B94021F6F701FA2860286130B924
:10E910000C2333604FF0FF301CB0BDE8F08740237C
:10E920006B610023099320238DF82930039730234E
:10E93000654F8DF82A304FF001082346994613F8A9
:10E94000012B0AB1252AF9D1B9EB040A0BD05346A1
:10E95000224629463046FFF769FF013000F0A480C7
:10E96000099A5244099299F80030002B00F09C80DB
:10E9700000234FF0FF32CDE9052309F1010904938B
:10E9800007938DF853301A934C464F4814F8011BE7
:10E990000522F1F71DFC049BD0B9D80644BF202204
:10E9A0008DF85320190744BF2B228DF8532099F876
:10E9B00000202A2A13D0079A4C4600204FF00A0C58
:10E9C000214611F8013B303B092B49D968B913E0C6
:10E9D000C01B08FA00F018430490A146D4E7039A3C
:10E9E000111D12680391002A01DB079204E05242D4
:10E9F00043F002030792049323782E2B0AD1637805
:10EA00002A2B32D1039B1A1D1B68039243EAE3733E
:10EA100002340593DFF8C090217803224846F1F7CD
:10EA2000D7FB38B1049BA0EB09004022824013437E
:10EA30000134049314F8011B24488DF82810062291
:10EA4000F1F7C6FB002835D0214818BB039B0733DC
:10EA500023F0070308330393099B034409936CE7EE
:10EA60000CFB02320C460120AAE700230134059377
:10EA700019464FF00A0C204610F8012B303A092AAB
:10EA800003D9002BC6D00591C4E70CFB0121044635
:10EA90000123F0E703AB00932A460E4B04A930464E
:10EAA000AFF30080421CD7D1AB895B063FF532AF94
:10EAB000099831E703AB00932A46064B04A9304678
:10EAC000F6F712FAEEE700BF8CF1000896F10008A5
:10EAD000000000002DE8000892F100080EB403B514
:10EAE000014603AB054853F8042B00680193F5F782
:10EAF000D7FF02B05DF804EB03B0704720000020A0
:10EB000008B5062000F02CF80120F5F7B5FB1F2909
:10EB100038B505460C4604D9162303604FF0FF3084
:10EB200038BDC26B12B152F821304BB9284600F003
:10EB300031F8224601462846BDE8384000F018B8B2
:10EB4000012B0AD0591C03D1162303600120E7E7EB
:10EB5000002142F82410204698470020E0E70000FA
:10EB6000024B01461868FFF7D2BF00BF200000200B
:10EB700038B5074D00230446084611462B60F5F7CB
:10EB800073FB431C02D12B6803B1236038BD00BF67
:10EB900088C00020F5F766BBF8B500BFF8BC08BC1C
:10EBA0009E467047F8B500BFF8BC08BC9E4670474B
:10EBB00058524345010F0000FFFE00004572726F7E
:10EBC00072206F6E2064656661756C7420616C6C78
:10EBD0006F6361746F727320286C696E65202564A1
:10EBE000290A0000637562656D785F6E6F64650069
:10EBF000637562656D785F7075626C697368657264
:10EC0000000000004572726F72207075626C69734B
:10EC100068696E6720286C696E65202564290A0082
:10EC200064656661756C745461736B0049444C454E
:10EC300000000000546D725100000000546D7220FD
:10EC40005376630065000000726F7369646C5F74D3
:10EC5000797065737570706F72745F6D6963726FD0
:10EC6000787263656464735F630000003A3A000081
:10EC7000257325732573257325732573257300006C
:10EC80005F000000646473002573257300000000BA
:10EC90007374645F6D73677300000000726F736953
:10ECA000646C5F74797065737570706F72745F698E
:10ECB0006E74726F7370656374696F6E5F635F5FAC
:10ECC0006765745F6D6573736167655F747970659F
:10ECD0005F737570706F72745F68616E646C655F8E
:10ECE0005F7374645F6D7367735F5F6D73675F5F9E
:10ECF000496E743332000000726F7369646C5F7424
:10ED0000797065737570706F72745F6D6963726F1F
:10ED1000787263656464735F635F5F6765745F6D7A
:10ED20006573736167655F747970655F7375707023
:10ED30006F72745F68616E646C655F5F7374645F4B
:10ED40006D7367735F5F6D73675F5F496E743332B6
:10ED500000000000726F7369646C5F747970657392
:10ED60007570706F72745F696E74726F73706563C3
:10ED700074696F6E5F6300007374645F6D736773B3
:10ED80005F5F6D73670000006461746100000000E4
:10ED90007374645F6D7367733A3A6D736700000054
:10EDA000524F535F4C4F43414C484F53545F4F4E6B
:10EDB0004C5900002E0000002F0000002F2573008A
:10EDC00025732F2573000000617267756D656E7481
:10EDD00020656E765F6E616D65206973206E756C5F
:10EDE0006C000000617267756D656E7420656E76EB
:10EDF0005F76616C7565206973206E756C6C0000C0
:10EE0000726D775F76616C69646174655F6E616D68
:10EE100065737061636528293A20756E6B6E6F7734
:10EE20006E20726D775F76616C69646174655F6690
:10EE3000756C6C5F746F7069635F6E616D652829B6
:10EE400020726573756C742027256427000000000C
:10EE5000756E6B6E6F776E20726573756C74206360
:10EE60006F646520666F7220726D77206E616D65CC
:10EE700073706163652076616C69646174696F6E3B
:10EE8000000000006E616D657370616365206D75D3
:10EE90007374206E6F7420626520656D70747900E4
:10EEA0006E616D657370616365206D75737420624A
:10EEB00065206162736F6C7574652C206974206DB8
:10EEC000757374206C6561642077697468206120B3
:10EED000272F27006E616D657370616365206D7506
:10EEE0007374206E6F7420656E6420776974682077
:10EEF0006120272F272C20756E6C657373206F6E31
:10EF00006C79206120272F27000000006E616D655D
:10EF10007370616365206D757374206E6F74206308
:10EF20006F6E7461696E206368617261637465728B
:10EF300073206F74686572207468616E20616C70F4
:10EF400068616E756D65726963732C20275F272C6D
:10EF5000206F7220272F27006E616D6573706163CB
:10EF600065206D757374206E6F7420636F6E7461AD
:10EF7000696E20726570656174656420272F2700B3
:10EF80006E616D657370616365206D757374206E5D
:10EF90006F742068617665206120746F6B656E20E8
:10EFA0007468617420737461727473207769746813
:10EFB0002061206E756D6265720000006E616D6586
:10EFC00073706163652073686F756C64206E6F7415
:10EFD000206578636565642027524D575F4E414D2B
:10EFE0004553504143455F4D41585F4E414D455F4C
:10EFF0004C454E4754482700756E6B6E6F776E20F8
:10F00000726573756C7420636F646520666F72201F
:10F01000726D77206E6F6465206E616D652076611C
:10F020006C69646174696F6E000000006E6F6465E6
:10F03000206E616D65206D757374206E6F74206233
:10F040006520656D707479006E6F6465206E616D0A
:10F0500065206D757374206E6F7420636F6E7461BC
:10F06000696E2063686172616374657273206F7486
:10F07000686572207468616E20616C7068616E757D
:10F080006D6572696373206F7220275F270000002F
:10F090006E6F6465206E616D65206D757374206E92
:10F0A0006F742073746172742077697468206120B2
:10F0B0006E756D62657200006E6F6465206E616DC5
:10F0C00065206C656E6774682073686F756C64206A
:10F0D0006E6F742065786365656420273235352747
:10F0E0000000000063647200726D775F6D69637287
:10F0F0006F7872636564647300000000726F7369F7
:10F10000646C5F74797065737570706F72745F632F
:10F1100000000000524F535F444F4D41494E5F493C
:10F120004400000025732F25732573007B6E6F64E8
:10F13000657D00007B6E737D000000007B6E616D5D
:10F140006573706163657D0020EC000800000000BD
:10F150002C0100205C00000088010020E02E00004F
:10F16000180000000000000000000000000610165B
:10F170000006101600000000010203040000000059
:10F18000000000000102030406070809232D302BAC
:10F190002000686C4C006566674546470030313298
:10F1A00033343536373839414243444546003031EF
:10F1B00032333435363738396162636465660052FC
:10F1C00045454E54206D616C6C6F632073756363AD
:10F1D0006565646564002F566F6C756D65732F648B
:10F1E0006174612F6A656E6B696E732F776F726BD6
:10F1F00073706163652F474E552D746F6F6C636834
:10F2000061696E2F61726D2D31342F7372632F6EB1
:10F2100065776C69622D63796777696E2F6E6577A4
:10F220006C69622F6C6962632F7374646C69622FFE
:10F2300072616E642E63002C2066756E6374696F54
:10F240006E3A2000617373657274696F6E202225B7
:10F250007322206661696C65643A2066696C65207A
:10F26000222573222C206C696E6520256425732568
:10F27000730A000000000000010000000A00000006
:10F28000010200000000000000000000000000007B
:10F29000000000000000000000000000000000006E
:10F2A000000000000000000000000000000000005E
:10F2B000000000000000000000000000000000004E
:10F2C0000000000000000000010000000A00000033
:10F2D000010200000000000000000000000000002B
:10F2E000000000000000000000000000000000001E
:10F2F000000000000000000000000000000000000E
:10F3000000000000000000000000000000000000FD
:10F3100000000000000000000000000000000000ED
:10F3200000000000000000000000000072740000F7
:10F3300054ED000848EC00080200000090EC0008C2
:10F3400030F300084CF30008840000209CEC000817
:10F35000F8EC000878ED0008F0EC0008010000006F
:10F360000400000098000020C5640008C96400087B
:10F37000000000000000000000000000000000008D
:10F380000000000084EE0008A0EE0008D4EE0008A3
:10F390000CEF000858EF000880EF0008BCEF0008F1
:10F3A000000000002CF0000848F0000890F0000871
:10F3B000B8F00008E8F000080000C1C081C14001B9
:10F3C00001C3C003800241C201C6C006800741C715
:10F3D0000005C1C581C4400401CCC00C800D41CDE5
:10F3E000000FC1CF81CE400E000AC1CA81CB400BB5
:10F3F00001C9C009800841C801D8C018801941D985
:10F40000001BC1DB81DA401A001EC1DE81DF401F14
:10F4100001DDC01D801C41DC0014C1D481D5401524
:10F4200001D7C017801641D601D2C012801341D334
:10F430000011C1D181D0401001F0C030803141F1C4
:10F440000033C1F381F240320036C1F681F7403714
:10F4500001F5C035803441F4003CC1FC81FD403DE4
:10F4600001FFC03F803E41FE01FAC03A803B41FBB4
:10F470000039C1F981F840380028C1E881E9402904
:10F4800001EBC02B802A41EA01EEC02E802F41EF14
:10F49000002DC1ED81EC402C01E4C024802541E524
:10F4A0000027C1E781E640260022C1E281E3402334
:10F4B00001E1C021802041E001A0C060806141A144
:10F4C0000063C1A381A240620066C1A681A7406714
:10F4D00001A5C065806441A4006CC1AC81AD406DE4
:10F4E00001AFC06F806E41AE01AAC06A806B41ABB4
:10F4F0000069C1A981A840680078C1B881B9407984
:10F5000001BBC07B807A41BA01BEC07E807F41BF13
:10F51000007DC1BD81BC407C01B4C074807541B523
:10F520000077C1B781B640760072C1B281B3407333
:10F5300001B1C071807041B00050C19081914051C3
:10F540000193C053805241920196C0568057419713
:10F550000055C19581944054019CC05C805D419DE3
:10F56000005FC19F819E405E005AC19A819B405BB3
:10F570000199C059805841980188C0488049418903
:10F58000004BC18B818A404A004EC18E818F404F13
:10F59000018DC04D804C418C0044C1848185404523
:10F5A0000187C047804641860182C0428043418333
:10F5B0000041C18181804040000000000000000047
:10F5C0000020202020202020202028282828282033
:10F5D000202020202020202020202020202020202B
:10F5E0002088101010101010101010101010101093
:10F5F0001004040404040404040404101010101083
:10F60000101041414141414101010101010101014C
:10F61000010101010101010101010101101010109E
:10F62000101042424242424202020202020202021E
:10F630000202020202020202020202021010101072
:10F64000200000000000000000000000000000009A
:10F6500000000000000000000000000000000000AA
:10F66000000000000000000000000000000000009A
:10F67000000000000000000000000000000000008A
:10F68000000000000000000000000000000000007A
:10F69000000000000000000000000000000000006A
:10F6A000000000000000000000000000000000005A
:10F6B000000000000000000000000000000000004A
:04F6C0000000000046
:08F6C4000C0BFF7F01000000A8
:08F6CC00D1030008B16400083D
:04F6D400A90300087E
:10F6D80001000000100000000024F400AAAAAAAA51
:10F6E800147B0020000000000300000040BF002041
:10F6F800240000200000000040BF0020A8BF002018
:10F7080010C0002000000000000000000000000001
:10F7180000000000000000000000000000000000E1
:10F7280000000000000000000000000000000000D1
:10F7380000000000000000000000000000000000C1
:10F74800855A0008815A00087D5A0008795A00082D
:10F7580000000000CD6400083D65000800000000BE
:10F7680038F30008E9BC000888ED00080D00000027
:10F778000000000000000000000000000000000081
:10F788000000000000000000000000000000000071
:10F798000000000000000000000000000000000061
:10F7A800000000000000000054F300088164000815
:10F7B80048EC0008EC0000208164000890ED000887
:10F7C800F0EC000819650008F964000829650008CC
:10F7D80005650008E9640008FCF0000854ED00081D
:04000005080047C9DF
:00000001FF
